Designation,M?,2MASS Number,RA,DEC,DIST,+/-,SPEC,V,r,R,i,I,J,H,Ks,K,W1,W2,W3,Teff K,RAD Rj,MASS Mj,a AU,PER yr,DISC PUBL,STAT,PM?
2MASS J06405747+0935147,,J06405747+0935147,100.23958333333333,9.5875,760.0,90,M,22.84,,20.77,,18.29,15.49,14.69,,14.18,,,,,,,,,,UNCON,
KIC 1868650 B,x,J19260944+3720081,291.5391666666667,37.33555555555556,,,M,,,,,,,,,,,,,,,52.0,,0.00079,2008.0,,
L 186-67 B,x,,125.7,-57.446666666666665,11.1,3.3,M,,,,,,10,,,,,,,,,21.0,,,,,
WISEA J070720.50+170532.7,,,106.83541666666666,17.092499999999998,46.0,12,M,,,15.46,,14.97,13.47,13.05,12.92,,12.66,12.51,12.43,3680,0.87,,,,2013.0,UNCON,
Mayrit 1082188,,J05383446-0253514,84.64375,-2.8975,360.0,65,M0,,,17.8,,17.17,15.55,14.15,12.71,12.65,10.9,9.85,8.09,,,36.0,,,,,
CFHTWIR-Oph 30,,,246.65333333333334,-24.316666666666666,125.0,?,M3,,,,,,16.24,14.35,13.06,,,,,3380,,,,,2011.0,UNCON,
2MASS J06475229-2523304 B,x,J06475229-2523304 B,101.96791666666667,-25.391666666666666,240.0,40,M3,,,,,,13.58,12.66,12.88,13.07,,,,,,,260.0,,,,
S Ori 18,,J05382568-0231216,84.60708333333334,-2.522777777777778,360.0,65,M3.5,19.99,,18.68,,16.63,14.59,14.09,13.75,13.84,13.41,13.19,,,,64.0,,,,UNCON,
S Ori 16,,J05391510-0240475,84.81291666666667,-2.6799999999999997,360.0,65,M3.5,20.45,,18.73,,17.28,14.67,14.04,13.66,,,,,,,65.0,,,,,
Mayrit 799173,,J05385100-0249140,84.7125,-2.8205555555555555,360.0,65,M4.5,20.04,,18.58,,16.9,15.03,14.45,14.14,14.16,14.0,13.82,,,,45.0,,,,UNCON,
S Ori 35,,J05375559-0233053,84.48166666666667,-2.551388888888889,360.0,65,M4.5,21.37,,19.4,,17.57,15.14,14.66,14.3,14.19,13.95,13.39,,,,43.0,,,,UNCON,
Mayrit 790270,,J05375206-0236046,84.46708333333333,-2.601388888888889,360.0,65,M4.5,20.91,,19.2,,17.49,15.14,14.64,14.33,14.2,14.17,13.82,,,,43.0,,,,UNCON,
Mayrit 588270,,J05380552-0235571,84.52291666666666,-2.5991666666666666,360.0,65,M4.5,21.41,,19.6,,18,15.28,14.8,14.42,14.24,13.95,13.36,,,,41.0,,,,UNCON,
S Ori J053911.4-023333,,J05391139-0233327,84.7975,-2.5591666666666666,360.0,65,M5,19.94,,18.32,,16.54,14.45,13.93,13.57,,,,,,,82.0,,,,UNCON,
L Ori134,,J05352285+0955070,83.84541666666667,9.91861111111111,400.0,,M5,,,19.91,,17.9,15.54,14.94,14.67,,,,,2900,4.56,63.0,,,,,
Mayrit 1717222,,J05372761-0257100,84.365,-2.952777777777778,360.0,65,M5,20.34,,18.86,,17.23,15.12,14.61,14.33,,14.14,13.88,,,,44.0,,,,UNCON,
V2737 Ori,,J05384928-0223575,84.70541666666666,-2.3994444444444443,360.0,65,M5,19.39,,17.67,,16.57,14.46,13.91,13.45,13.2,12.8,12.24,10.57,,,75.0,,,,UNCON,
S Ori J053826.1-024041,,J05382623-0240413,84.60916666666667,-2.6780555555555554,360.0,65,M5,20.45,,19.08,,17.28,14.91,14.28,13.92,,13.71,13.37,,,,57.0,,,,,
Mayrit 487350,,J05383888-0228016,84.66208333333333,-2.4672222222222224,360.0,65,M5,20.2,,18.77,,16.99,15.25,14.74,14.42,,14.27,14,,,,41.0,,,,UNCON,
2MASS J06404164+0931431,,J06404164+0931431,100.17333333333333,9.528611111111111,760.0,90,M5,21.23,,19.62,,17.57,15.67,15.08,,14.69,,,,,,,,,,UNCON,
2MASS J16263135-2425302,,J16263135-2425302,246.63083333333333,-24.425,125.0,?,M5,,,,,18.9,14.72,12.73,11.72,,,,,,,,,,1999.0,,
2MASS J08540240-3051366 B,x,J08540240-3051366 B,133.51,-30.860277777777778,10.0,4,M5,,,,,,12.08,11.43,,10.99,,,,,,40.0,17.0,,,,
CHAHA9,,,166.8275,-77.54777777777778,162.5,,M5.5,,,,,,,,,,,,,2800,,,,,,,
ISO 138,,,167.07916666666668,-77.51138888888889,160.0,,M5.5,,,,,,,,,,,,,2900,,3.0,,,2002.0,,
CFHT-Pl -7,,J03520581+2417314,58.024166666666666,24.291944444444447,136.2,1.2,M5.5,,,19.32,,17.34,15.26,14.57,,14.26,,,,,,79.0,,,,UNCON,
2MASS J11085497-7632410,,J11085497-7632410,167.22916666666666,-76.54472222222222,60.0,15,M5.5,,,18.62,,16.65,13.06,12.06,11.44,,,,,,,,,,2004.0,UNCON,
S Ori J053838.6-024157,,J05383858-0241558,84.66083333333333,-2.6988888888888893,360.0,65,M5.5,19.8,,18.28,,16.47,14.56,13.97,13.65,,13.5,13.21,,,,70.0,,,,,
Oph 16 B,x,J16233609-2402209,245.90041666666667,-24.039166666666667,125.0,,M5.5,,,17.4,,14.68,11.44,10.61,,10.06,,,,,,73.0,212.0,,,,
DENIS J160334.7-182930,,J16033471-1829303,240.89458333333334,-18.491666666666667,145.0,,M5.5,,,,,,,,,,,,,2800,,,,,,,
S Ori 20,,J05390758-0229055,84.78166666666667,-2.485,360.0,65,M5.5,20.66,,19.02,,17.18,14.96,14.34,13.9,,13.73,13.51,,,,57.0,,,,UNCON,
Mayrit 994201,,J05382089-0251280,84.58708333333334,-2.8577777777777778,360.0,65,M5.5,20.88,,19.18,,17.12,14.77,14.31,13.93,13.87,13.69,13.39,,,,52.0,,,,UNCON,
Mayrit 1045207,,J05381330-0251329,84.55541666666667,-2.859166666666667,360.0,65,M5.5,20.18,,18.57,,16.72,14.51,14.03,13.69,13.63,13.54,13.28,,,,71.0,,,,UNCON,
Mayrit 1642101,,J05403249-0240598,85.13541666666667,-2.683333333333333,360.0,65,M5.5,,,,,17.01,14.7,14.07,13.71,,13.52,13.24,,,,61.0,,,,UNCON,
CFHTWIR-Oph 31,,J16263780-2439031,246.6575,-24.65083333333333,125.0,?,M5.5,,,,19.28,,14.98,13.57,12.85,,,,,3090,,,,,2011.0,UNCON,
USco 112,,,240.11125,-20.942222222222224,145.0,,M5.5,,,,,,,,,,,,,3000,,,,,,,
UScoCTIO 55 B,x,,240.69,-23.080555555555556,145.0,2,M6,,,,,,12.46,11.84,11.5,,,,,,,73.0,17.63,255.0,,UNCON,
CFHTWIR-Oph 107,,J16284870-2426317,247.20291666666665,-24.442222222222224,125.0,?,M6,,,,,,14.31,13.6,13.13,,,,,2960,,,,,2012.0,,
S Ori J053825.4-024241,,J05382543-0242412,84.60583333333334,-2.711388888888889,360.0,65,M6,20.33,,19.08,,17.3,14.88,14.16,13.57,,13.03,12.44,10.5,,,52.0,,,,,
2MASS J10455263-2819303,,J10455263-2819303,161.46916666666667,-28.325,,,M6,,,,,,12.82,,,,,,,2900,2.63,28.0,,,,,
CFHT-Tau 7 A,x,J04321786+2422149,68.07458333333334,24.370833333333334,142.0,3,M6,18.2,,16.63,,14.12,11.54,10.79,10.4,10.38,,,,2830,,73.0,,,,,
UScoCTIO 109 A,x,J16011915-2306394,240.33,-23.110833333333336,145.0,2,M6,,,17.9,,,13.61,13.04,12.67,,,,,,,73.0,,,,,
UScoCTIO 66 A,x,J16014955-2351082,240.45708333333334,-23.851944444444445,145.0,2,M6,,,17,,,12.91,12.29,11.93,,,,,2928,,73.0,,,,,
V2505 Oph B,x,J16294869-2152118,247.45291666666665,-21.87,,,M6,,,,,,,,,,,,,,,25.0,450.0,,2006.0,,
2MASS J04320329+2528078,,J04320329+2528078,68.01375,25.468888888888888,140.0,,M6,,,16.7,,,11.72,11.11,10.72,,,,,,,,,,,,
Roque 16,,J03473900+2436226,56.9125,24.60638888888889,136.2,1.2,M6,,,20.17,,17.91,15.63,14.98,,14.7,,,,,,70.0,,,,UNCON,
Teide 2,,J03520670+2416008,58.02791666666667,24.266944444444444,136.2,1.2,M6,,,20.05,,17.82,15.54,14.97,,14.5,,,,,,66.0,,,,UNCON,
S Ori J053829.0-024847,,J05382896-0248473,84.62083333333334,-2.813055555555555,360.0,65,M6,20.83,,,,16.95,14.82,14.28,13.88,,13.43,12.87,,,,56.0,,,,UNCON,
CHAHA6,,,167.16458333333333,-77.57138888888889,162.5,,M6,,,,,,,,,,,,,2800,,,,,,,
KPNO-Tau 3,,,66.6225,26.403888888888886,140.0,,M6,,,,,,,,,,,,,3000,,81.0,,,,UNCON,
2MASS J04141188+2811535,,J04141188+2811535,63.54958333333333,28.198333333333334,140.0,,M6,,,,,,13.16,12.33,11.64,,,,,,,,,,,,
LP 415-1446,,J04221413+1530525,65.55875,15.514722222222222,40.32,5.04,M6,17.0,,19.6,,15.36,12.76,11.77,,11.28,,,,,,,,,,,
S Ori 22,,J05383536-0225222,84.6475,-2.4227777777777777,360.0,65,M6,20.73,,18.91,,16.88,14.59,14.13,13.76,,13.49,13.16,,,,64.0,,,,UNCON,
UScoCTIO 66 B,x,J16014955-2351082,240.45708333333334,-23.851944444444445,145.0,2,M6,,,17,,,12.91,12.29,11.93,,,,,2928,,73.0,10.19,122.0,,UNCON,
ISO-Oph 193,,J16281271-2411355,247.05291666666668,-24.193333333333335,125.0,?,M6,,,,,,13.61,12.02,11.09,,,,,,,,,,2012.0,,
ISO-Oph 176,,J16274629-2431411,246.94291666666666,-24.528055555555554,125.0,?,M6,,,,,,13.83,12.21,11.32,,,,,,,,,,2002.0,,
ISO-Oph 190,,J16280355-2434386,247.015,-24.5775,125.0,?,M6,,,,,,17.21,15.24,13.2,,,,,,,,,,2012.0,,
ISO-Oph 42,,J16262780-2426418,246.61583333333334,-24.445,125.0,?,M6,,,,,,14.26,12.95,12.09,,,,,,,,,,1999.0,,
ISO-Oph 53,,J16263880-2423227,246.66166666666666,-24.389722222222222,125.0,?,M6,,,,,,15.03,12.76,11.57,,,,,,,,,,1999.0,,
ISO-Oph 30,,J16262152-2426009,246.58958333333334,-24.433611111111112,125.0,?,M6,,,18.3,,15.8,12.57,11.52,10.92,,,,,,,,,,1999.0,,
CFHT-Tau 10,,J04214631+2659296,65.44291666666666,26.991666666666667,140.0,,M6,,,,,,13.82,12.73,12.13,,,,,,,,,,,,
2MASS J23355015-3401477,,J23355015-3401477,353.95916666666665,-34.03,,,M6,,,,,,11.64,,,,,,,3000,2.37,59.0,,,,,
CFHTTAU9,,,66.11041666666667,26.830555555555556,142.5,,M6,,,,,,,,,,,,,2800,,,,,,,
PZ Tel B,x,J18530587-5010499,283.27458333333334,-50.18055555555555,51.49,2.6,M6,,,,,,12.26,11.87,,,,,,2990,,62.0,16.0,,2010.0,,
ISO-Oph 63,,J16264289-2422590,246.67875,-24.383055555555558,125.0,?,M6,,,,,,15.33,12.82,11.44,,,,,,,,,,2012.0,,
CFHTWIR-Oph 51,,J16265477-2427022,246.72833333333332,-24.450555555555553,125.0,?,M6,,,,,,17.92,14.91,12.87,,,,,,,,,,2012.0,,
2MASS J01265327-5505506,,J01265327-5505506,21.722083333333334,-55.097500000000004,,,M6,,,,,,12.04,,,,,,,2900,2.4,75.0,,,,,
ISO 252,,,167.6725,-77.34666666666666,162.5,,M6,,,,,,,,,,,,,1900,,,,,,,
ISO-Oph 84,,J16265733-2435388,246.73875,-24.594166666666666,125.0,?,M6,,,,,,17.26,15.07,12.81,,,,,,,,,,2012.0,,
ISO-Chal 217,,J11095215-7639128,167.4675,-76.65361111111112,,,M6,,,,,,13.53,12.54,,11.82,,,,,,80.0,,,,UNCON,
ISO-Oph 86,,J16265839-2421299,246.74333333333334,-24.358333333333334,125.0,?,M6,,,,,,16.01,13.11,11.46,,,,,,,,,,2012.0,,
2MASS J22344161+4041387,,J22344161+4041387,338.67333333333335,40.69416666666666,27.03,5.84,M6,,,,,,12.57,11.83,11.44,,10.92,10.33,8.36,,,,,,,,
ISO-Oph 102,,J16270659-2441488,246.7775,-24.696944444444444,125.0,?,M6,,,17.57,,15.43,12.43,11.4,10.77,,,,,,,60.0,,,2002.0,,
2MASS J04351455-1414468,,J04351455-1414468,68.81083333333333,-14.246388888888887,8.6,1,M6,,,,,,11.88,,,9.95,,,,,,8.0,,,2003.0,,
ISO-Oph 160,,J16273742-2417548,246.90583333333333,-24.298611111111114,125.0,?,M6,,,,,,14.15,12.76,11.95,,,,,,,,,,2002.0,,
2MASS J22191486-6828018,,J22191486-6828018,334.8120833333333,-68.46722222222222,,,M6,,,,,,13.92,,,,,,,3100,1.76,32.0,,,,,
2MASS J02404759-4253377,,J02404759-4253377,40.19833333333333,-42.89388888888889,,,M6,,,,,,12.2,,,,,,,2900,2.22,63.0,,,,,
CFHTWIR-Oph 99,,J16274578-2444538,246.94083333333333,-24.748333333333335,125.0,?,M6,,,,,,17.74,14.8,12.61,,,,,,,,,,2012.0,,
SCH J16091837-20073523 B,x,J16091837-2007349,242.32666666666665,-20.12638888888889,145.0,2,M6,,,,,,14.04,13.41,13.01,,,,,2850,3.0,55.0,20.9,380.0,,,
CFHT-Pl-14,,,55.80916666666667,24.389166666666664,136.2,1.2,M6,,,,,17.9,,,,,,,,,,63.0,,,,UNCON,
ISO-Oph 178 A,x,J16274978-2425219,246.9575,-24.422777777777778,125.0,?,M6,,,,,,12.78,11.12,10.16,,,,,,,,,,2012.0,,
ISO-Oph 185,,J16275525-2428395,246.98041666666666,-24.477777777777778,125.0,?,M6,,,,,,13.04,11.59,10.79,,,,,,,,,,2012.0,,
2MASS J16081603-3903042,x,J16081603-3903042,242.06666666666666,-39.051111111111105,,,M6,,,18.55,,16.19,12.52,11.75,11.26,,,,,,,,,,2003.0,UNCON,
2MASS J04161885+2752155,,J04161885+2752155,64.07875,27.871111111111112,140.0,,M6,,,,,,12.55,11.78,11.35,,,,,,,,,,,,
CHAII1308,,,197.11291666666668,-77.72305555555556,178.0,,M6,,,,,,,,,,,,,2400,,,,,,,
2MASS J16164539-2333413,,J16164539-2333413,244.18916666666667,-23.56138888888889,145.0,,M6,,,,,,,,,16.29,,,,2955,,58.0,,,,,
OPHALL1622,,,245.68708333333333,-23.286944444444448,130.0,,M6,,,,,,,,,,,,,2100,,,,,,,
2MASS J16124692-2338408,,J16124692-2338408,243.19541666666666,-23.64472222222222,145.0,,M6,,,,,,,,,14.96,,,,2832,,58.0,,,,,
2MASS J16033799-2611544,,J16033799-2611544,240.90833333333333,-26.198333333333334,145.0,,M6,,,,,,,,,15.17,,,,,,58.0,,,,,
2MASS J16073773-3921388,,J16073773-3921388,241.90708333333333,-39.36083333333333,200.0,,M6,,,,,,,,,,,,,2400,,,,,,,
2MASS J16133476-2328156,,J16133476-2328156,243.395,-23.47111111111111,145.0,,M6,,,,,,,,,14.84,,,,3025,,58.0,,,,,
2MASS J16113837-2307072,,J16113837-2307072,242.91,-23.11861111111111,145.0,,M6,,,,,,,,,15.14,,,,2910,,58.0,,,,,
2MASS J16080745-2345055,,J16080745-2345055,242.03125,-23.751666666666665,145.0,,M6,,,,,,,,,15.79,,,,2935,,58.0,,,,,
S Ori 11,,J05394433-0233027,84.93458333333334,-2.5508333333333333,360.0,65,M6,20.11,,,,16.55,14.29,13.72,13.37,,,,,,,74.0,,,,UNCON,
2MASS J16082229-2217029,,J16082229-2217029,242.09291666666667,-22.284166666666668,145.0,,M6,,,,,,,,,15.56,,,,3025,,58.0,,,,,
USD161833,x,,244.63833333333332,-25.297500000000003,145.0,,M6,,,,,,,,,,,,,3000,,,,,,,
2MASS J16132665-2230348,,J16132665-2230348,243.36125,-22.509722222222223,145.0,,M6,,,,,,,,,16.12,,,,2910,,58.0,,,,,
DENIS-P J053954.3-023719,,J05395433-0237189,84.97625,-2.6219444444444444,360.0,65,M6,20.81,,19.05,,17.18,14.75,14.21,13.8,,13.65,13.34,,,,59.0,,,,UNCON,
S Ori 30,,J05391308-0237509,84.80458333333333,-2.6308333333333334,360.0,65,M6,20.74,,19.34,,17.79,15.24,14.75,14.31,,13.99,13.55,,,,46.0,,,,UNCON,
S Ori J053912.8-022453,,J05391289-0224537,84.80375,-2.415,360.0,65,M6,23.17,,21.04,,18.94,16.68,15.97,15.55,15.18,15.12,14.82,,,,21.0,,,,UNCON,
2MASS J16030235-2626163,,J16030235-2626163,240.76,-26.43777777777778,145.0,,M6,,,,,,,,,14.61,,,,,,58.0,,,,,
2MASS J12574941-4111373,,J12574941-4111373,194.45583333333335,-41.19361111111111,,,M6,,,,,,13.02,,,,,,,2900,3.11,52.0,,,,,
2MASS J16153648-2315175,,J16153648-2315175,243.90208333333334,-23.255,145.0,,M6,,,,,,,,,16.42,,,,3025,,58.0,,,,,
CHAII1258,,,194.52833333333334,-77.15277777777779,178.0,,M6,,,,,,,,,,,,,2200,,,,,,,
S Ori 17,,J05390449-0238353,84.76875,-2.6430555555555557,360.0,65,M6,20.0,,18.92,,16.89,14.72,14.19,13.8,,13.57,13.26,,,,55.0,,,,UNCON,
2MASS J06405962+0936575,,J06405962+0936575,100.24833333333333,9.616111111111111,760.0,90,M6,21.99,,19.93,,17.64,14.9,14.11,,13.63,,,,,,,,,,UNCON,
2MASS J16095217-2136277,,J16095217-2136277,242.4675,-21.60777777777778,145.0,,M6,,,,,,,,,13.93,,,,2570,,58.0,,,,,
2MASS J07202582-5617224,,J07202582-5617224,110.1075,-56.28944444444444,,,M6,,,,,,12.88,,,,,,,2900,1.79,16.0,,,,,
2MASS J16143287-2242133,,J16143287-2242133,243.63708333333332,-22.703611111111112,145.0,,M6,,,,,,,,,16.78,,,,2782,,58.0,,,,,
2MASS J16105499-2126139,,J16105499-2126139,242.72916666666666,-21.43722222222222,145.0,,M6,,,,,,,,,15.32,,,,2754,,58.0,,,,,
2MASS J16112630-2340059,,J16112630-2340059,242.85958333333335,-23.668333333333333,145.0,,M6,,,,,,,,,15.97,,,,2922,,58.0,,,,,
2MASS J16113470-2219442,,J16113470-2219442,242.89458333333334,-22.328888888888887,145.0,,M6,,,,,,,,,14.66,,,,2035,,58.0,,,,,
LS-RCrA 1,,J19013357-3700304,285.39,-37.00833333333333,,,M6.5,,,,,,15.18,14.53,,13.97,,,,,,54.0,,,,UNCON,
CFHT-Pl -9,,,57.312916666666666,24.60638888888889,136.2,1.2,M6.5,,,19.95,,17.71,15.39,14.89,,14.43,,,,,,75.0,,,,UNCON,
2MASS J05352184-0546085 B,x,J05352184-0546085,83.84083333333334,-5.769166666666667,435.0,55,M6.5,,,,,,,,,,,,,2850,5.27,38.0,0.0407,0.02678,,,
2MASS J04242090+2630511 A,x,J04242090+2630511,66.08708333333334,26.514166666666668,140.0,,M6.5,,,,,,13.49,12.81,12.43,,,,,,,,,,,,
2MASS J05352184-0546085 A,x,J05352184-0546085,83.84083333333334,-5.769166666666667,435.0,55,M6.5,,,19.21,,17.28,14.65,13.9,,13.47,,,,2715,6.73,60.0,,,,,
CFHT-Pl-10,,J03443231+2525181,56.13458333333333,25.421666666666667,136.2,1.2,M6.5,,,,,17.59,15.46,14.88,,14.47,,,,,,73.0,,,,UNCON,
CFHT-Tau 8,,J04411078+2555116,70.295,25.92,140.0,,M6.5,,,19.28,,16.43,13.19,12.12,11.45,,,,,2920,,82.0,,,,,
L Ori143,,J05350095+0958203,83.75416666666666,9.972222222222223,400.0,,M6.5,,,20.32,18.34,18.3,15.94,15.45,14.95,,,,,3000,3.22,71.0,,,,,
USD160958,,J16095852-2345186,242.49375,-23.755277777777778,145.0,,M6.5,,,,,,,,,13.99,,,,2935,,58.0,,,,,
CFHTWIR-Oph 4,,J16253241-2434050,246.385,-24.568055555555556,125.0,?,M6.5,,,,,,14.88,13.93,13.34,,,,,,,,,,2012.0,,
LHS 2021,,,127.63583333333334,9.7875,16.72,1.26,M6.5,19.06,17.86,17.16,15.35,14.78,11.89,11.17,10.76,,10.51,10.33,10.19,2599,1.15,88.0,,,,UNCON,
S Ori 23,,J05375110-0226074,84.46291666666667,-2.435277777777778,360.0,65,M6.5,,,19.4,17.19,17.14,14.86,14.37,14.05,13.95,13.8,13.55,,,,49.0,,,,,
Roque 15,,,56.42208333333333,23.902777777777775,136.2,1.2,M6.5,22.08,,,,18.21,15.36,14.78,,14.31,,,,,,78.0,,,,UNCON,
S Ori 29,,J05382961-0225141,84.62333333333333,-2.4205555555555556,360.0,65,M6.5,20.72,,18.73,,17.05,14.79,14.33,13.97,13.96,13.78,13.43,,,,51.0,,,,UNCON,
S Ori 39,,J05383244-0229573,84.635,-2.4991666666666665,360.0,65,M6.5,21.65,,19.77,,17.58,15.36,14.87,14.49,14.44,14.26,13.93,,,,39.0,,,,UNCON,
CFHT-Tau 12,,J04330945+2246487,68.28958333333334,22.780277777777776,140.0,15,M6.5,,,,,16.26,13.15,12.14,11.55,,,,,2920,,82.0,,,,,
S Ori 21,,J05393432-0238468,84.89291666666666,-2.6463888888888887,360.0,65,M6.5,21.12,,19.27,,17.48,14.76,14.19,13.79,,13.64,13.31,,,,57.0,,,,UNCON,
S Ori 25,,J05390894-0239579,84.7875,-2.666111111111111,360.0,65,M6.5,21.09,,19.34,,17.37,14.66,14.14,13.74,,13.48,13.14,,,,61.0,,,,,
S Ori 14,,J05393759-0244304,84.90666666666667,-2.7416666666666667,360.0,65,M6.5,20.39,,18.69,17.18,16.82,14.38,13.82,13.38,,,,,,,80.0,,,,UNCON,
GM Tau,,J04382134+2609137,69.58875,26.153888888888886,151.0,12,M6.5,17.58,,16,,15.04,12.8,11.59,10.63,,,,,2940,,80.0,,,,,
ISO-Oph 33,,J16262226-2424070,246.59291666666667,-24.401944444444442,125.0,?,M6.5,,,,,,16.18,14.73,13.75,,,,,,,,,,1999.0,,
MHO Tau 8 B,x,J04330197+2421000,68.25833333333334,24.35,142.0,3,M6.5,17.95,,16.3,,,10.86,10.14,9.73,,,,,,,73.0,6.2,53.0,,,
ISO-Oph 35,,J16262295-2428461,246.59583333333333,-24.479444444444443,125.0,?,M6.5,,,,,,14.93,12.8,11.53,,,,,2900,,,,,,UNCON,
USD155556,,,238.98333333333332,-20.755277777777778,145.0,,M6.5,,,,,,,,,,,,,3400,,,,,,,
USD155601,,,239.00416666666666,-23.635555555555555,145.0,,M6.5,,,,,,,,,,,,,2800,,,,,,,
CFHTWIR-Oph 37,,J16264083-2430509,246.67,-24.514166666666668,125.0,?,M6.5,,,,,,17.32,14.77,13.18,,,,,3020,,,,,,UNCON,
2MASS J16270597-2428363,,J16270597-2428363,246.775,-24.476666666666667,125.0,?,M6.5,,,,,,16.79,14.58,13.15,,,,,,,,,,1999.0,,
S Ori 27,,J05381741-0240242,84.5725,-2.6733333333333333,360.0,65,M6.5,21.02,,19.21,,17.25,14.83,14.31,14.09,,13.79,13.42,,,,52.0,,,,,
CFHTWIR-Oph 106,,,247.12458333333333,-24.901666666666664,125.0,?,M6.5,,,,,,15.36,14.51,13.85,,,,,,,,,,2012.0,,
PPl 15 A,x,,57.01958333333334,23.65833333333333,136.2,1.2,M7,22.46,,,,17.91,15.28,14.7,14.26,,,,,,,73.0,,,,,
2MASS J04152409+2910434,,J04152409+2910434,63.85041666666667,29.178611111111113,140.0,,M7,,,,,,13.68,12.88,12.36,,,,,,,,,,,,
2MASS J17051832-4909412,,J17051832-4909412,256.32625,-49.16138888888889,,,M7,,,,,,15.05,14.36,13.92,,,,,,,,,,2012.0,UNCON,
CFHTWIR-Oph 57,,,246.76666666666668,-24.04638888888889,125.0,?,M7,,,,,,15.06,13.92,13.18,,,,,,,,,,2012.0,,
G 160-54 C,x,J04134585-0509049 C,63.44125,-5.1513888888888895,21.0,9,M7,,,,,,,,,,,,,,,85.0,70.0,,,UNCON,
HD 23514 B,x,J03463839+2255112,56.66,22.919722222222223,136.2,1.2,M7,,,,,,,,14.92,,,,,2600,,63.0,360.0,,2012.0,,
2MASS J07284123-0427191,,J07284123-0427191,112.17166666666667,-4.455277777777778,,,M7,,,,,,15.56,14.85,14.33,,,,,,,,,,2012.0,UNCON,
CFHT-Tau 11,,J04350850+2311398,68.78541666666666,23.194444444444446,130.0,12,M7,18.4,,17.5,,14.88,12.53,11.94,11.59,,,,,3020,,71.0,,,,,
USD161005,,,242.5225,-19.326666666666668,145.0,,M7,,,,,,,,,,,,,2600,,,,,,,
CFHT-Pl-15,,J03551257+2317378,58.8025,23.29388888888889,136.2,1.2,M7,,,21.09,,18.62,16.01,15.19,,14.77,,,,,,54.0,,,,UNCON,
KPNO-Tau 2,,J04185115+2814332,64.71333333333334,28.2425,140.0,,M7,21.38,,,,,13.93,13.24,12.75,,,,,,,,,,,,
CFHT-Tau 7 B,x,J04321786+2422149,68.07458333333334,24.370833333333334,142.0,3,M7,,,,,,,,,,,,,,,63.0,32.0,710.0,,,
ISO-Oph 164,,J16273863-2438391,246.91083333333333,-24.644166666666667,125.0,?,M7,,,,,17.4,13.27,11.93,11.08,,,,,,,,,,1999.0,,
GG Tau Bb,x,J04323034+1731406,68.12625,17.525277777777777,,,M7,17.0,,,,,,,,,,,,,,42.0,210.0,,1999.0,,
GJ 3629 B,x,J10512059+3607255,162.83583333333334,36.12388888888889,22.0,3,M7,,,,,,12.32,11.77,11.44,11.39,,,,,,46.0,4.4,17.0,2012.0,,
IPMBD 25 A,x,J03462608+2405096,56.60875,24.08611111111111,136.2,1.2,M7,,,,,17.82,15.19,14.61,14.16,,,,,,,66.0,,,,,
CFHT-Tau 13,,J04312669+2703188,67.86125,27.05527777777778,160.0,12,M7,,,,,17.9,14.83,13.97,13.45,,,,,2970,,54.0,,,,,
2MASS J15043465-5500045,,J15043465-5500045,226.14458333333334,-55.00138888888889,61.94,2.68,M7,,,,,,14.65,13.98,13.52,,,,,,,,,,2012.0,UNCON,
2MASS J16391688-3444528,,J16391688-3444528,249.82041666666666,-34.74805555555556,37.9,1.16,M7,,,,,,13.67,13.01,12.58,,,,,,,,,,2012.0,UNCON,
2MASS J16445570-2618333,,J16445570-2618333,251.23208333333332,-26.309166666666666,,,M7,,,,,,13.5,12.77,12.35,,,,,,,,,,2012.0,UNCON,
2MASS J12561816-7641340,,J12561816-7641340,194.07583333333332,-76.69277777777778,85.66,11.47,M7,,,,,,15.48,14.54,14.09,,,,,,,,,,2012.0,UNCON,
FU Tau A,x,J04233539+2503026,65.8975,25.050833333333333,140.0,,M7,,17.0,15.6,14.8,13.58,10.78,9.95,9.32,9.32,,,,2838,,52.0,,,,,
2MASS J16505873-2340002,,J16505873-2340002,252.74458333333334,-23.666666666666668,,,M7,,,19.96,,18.13,15,14.34,13.8,,,,,,,,,,2012.0,UNCON,
2MASS J07522390+1612157,,J07522390+1612157,118.09958333333333,16.204444444444444,18.39,0.34,M7,,16.13,,13.76,,10.88,10.2,9.85,,9.61,9.45,9.26,2731,2.01,68.0,,,,,
2MASS J06482289-2916280,,J06482289-2916280,102.09541666666667,-29.274444444444445,49.59,2.93,M7,,,,,,14.32,13.69,13.23,,,,,,,,,,2012.0,UNCON,
2MASS J13054198-5928351,,J13054198-5928351,196.425,-59.47638888888889,,,M7,,,,,19.54,15.38,14.54,14.09,,,,,,,,,,2012.0,UNCON,
CFHTWIR-Oph 101,,,246.94708333333332,-24.779444444444444,125.0,?,M7,,,,,,19.26,16.48,14.78,,,,,2880,,,,,2012.0,,
2MASS J06465202-3244011,,J06465202-3244011,101.71666666666667,-32.73361111111111,72.79,2.91,M7,,,20.06,,17.89,15.03,14.35,13.85,,,,,,,,,,2012.0,UNCON,
2MASS J16533670-3855165,,J16533670-3855165,253.40291666666667,-38.921388888888885,44.81,3.28,M7,,,,,,13.98,13.28,12.84,,,,,,,,,,2012.0,UNCON,
2MASS J11192624-4815167,,J11192624-4815167,169.85916666666665,-48.25472222222222,71.9,5.31,M7,,,,,18.55,15.06,14.4,13.93,,,,,,,,,,2012.0,UNCON,
2MASS J16532340-6424077,,J16532340-6424077,253.3475,-64.40222222222222,,,M7,,,,,18.2,15.35,14.61,14.11,,,,,,,,,,2012.0,UNCON,
2MASS J15515922-4051571,,J15515922-4051571,237.99666666666667,-40.865833333333335,,,M7,,,,,18.38,15.45,14.79,14.36,,,,,,,,,,2012.0,UNCON,
2MASS J02501167-0151295,,J02501167-0151295,42.54875,-1.8583333333333334,,,M7,,,,,,12.89,,,,,,,2800,1.91,23.0,,,,,
2MASS J210501.30-053350.5,,J210501.30-053350.5,316.2554166666667,-5.564166666666667,,,M7,,,,,,16.32,15.65,15.28,,,,,,,,,,,,
2MASS J14334194-5148037,,J14334194-5148037,218.42458333333335,-51.801111111111105,50.31,0.77,M7,,,19.7,,17.44,14.21,13.57,13.11,,,,,,,,,,2012.0,UNCON,
2MASS J08143545-4020492,,J08143545-4020492,123.64791666666666,-40.346944444444446,51.43,2.4,M7,,,,,,14.36,13.65,13.19,,,,,,,,,,2012.0,UNCON,
2MASS J08191824-3944563,,J08191824-3944563,124.82583333333334,-39.74888888888889,,,M7,,,21.07,,19.23,15.78,15.17,14.59,,,,,,,,,,2012.0,UNCON,
USco 128,,,239.7975,-23.633333333333333,145.0,,M7,,,,,,,,,,,,,2500,,,,,,,
2MASS J12405746-6549554,,J12405746-6549554,190.23958333333334,-65.83194444444445,53.51,7.78,M7,,,,,17.35,14.48,13.78,13.33,,,,,,,,,,2012.0,UNCON,
2MASS J08280671-3549063,,J08280671-3549063,127.02791666666667,-35.818333333333335,77.74,2.67,M7,,,,,18.14,15.16,14.48,14.03,,,,,,,,,,2012.0,UNCON,
2MASS J08323553-3310372,,J08323553-3310372,128.14791666666667,-33.176944444444445,91.32,1.09,M7,,,,,18.54,15.49,14.77,14.26,,,,,,,,,,2012.0,UNCON,
2MASS J13142039+1320011,,J13142039+1320011,198.585,13.33361111111111,16.4,0.8,M7,15.9,,14.9,,11.4,9.75,9.18,8.8,8.79,,,,,,,,,,UNCON,
2MASS J12012860-6007478,,J12012860-6007478,180.36916666666667,-60.13,85.73,3.67,M7,,,,,,15.36,14.47,13.91,,,,,,,,,,2012.0,UNCON,
2MASS J12044302-5048162,,J12044302-5048162,181.17916666666667,-50.80444444444444,70.24,10.26,M7,,,,,,15.08,14.47,13.94,,,,,,,,,,2012.0,UNCON,
SONYC-NGC1333-29,,J03282839+3116273,52.11833333333333,31.274166666666666,300.0,20,M7,,,,17.64,,14.62,13.93,,13.62,,,,3150,,,,,2012.0,UNCON,
WISE J114553.61-250657.1,,,176.47333333333333,-25.115833333333335,117.5,10.5,M7,,,,,,,,,,,,,,,,,,2015.0,UNCON,
2MASS J230233.19-093518.8,,J230233.19-093518.8,345.6383333333333,-9.588611111111112,,,M7,,,,,,17.41,16.75,16.36,,,,,,,,,,,,
2MASS J12060685-5326580,,J12060685-5326580,181.52875,-53.44944444444444,63.04,2.55,M7,,,,,17.55,14.74,13.96,13.39,,,,,,,,,,2012.0,UNCON,
2MASS J14031649-7400220,,J14031649-7400220,210.81875,-74.00611111111111,66.6,2.61,M7,,,,,17.79,14.84,14.12,13.65,,,,,,,,,,2012.0,UNCON,
2MASS J13583767-5450192,,J13583767-5450192,209.65708333333333,-54.83861111111111,,,M7,,,,,17.92,15.07,14.34,13.9,,,,,,,,,,2012.0,UNCON,
2MASS J09213999-4607414,,J09213999-4607414,140.41666666666666,-46.128055555555555,,,M7,,,,,19.08,14.94,14.34,13.84,,,,,,,,,,2012.0,UNCON,
2MASS J13472893-4754262,,J13472893-4754262,206.87041666666667,-47.907222222222224,,,M7,,,,,,15.48,14.84,14.29,,,,,,,,,,2012.0,UNCON,
2MASS J09313619-6659363,,J09313619-6659363,142.90083333333334,-66.99333333333334,87.57,10.43,M7,,,,,18.31,15.5,14.74,14.2,,,,,,,,,,2012.0,UNCON,
2MASS J10241592-4630583,,J10241592-4630583,156.06625,-46.51611111111111,95.06,3.14,M7,,,,,,15.58,14.94,14.47,,,,,,,,,,2012.0,UNCON,
2MASS J09432678-6234376,,J09432678-6234376,145.86166666666668,-62.577222222222225,85.92,5.36,M7,,,,,18.2,15.41,14.71,14.15,,,,,,,,,,2012.0,UNCON,
2MASS J10102925-5245046,,J10102925-5245046,152.62208333333334,-52.75138888888889,88.3,8.39,M7,,,,,,15.48,14.75,14.27,,,,,,,,,,2012.0,UNCON,
2MASS J10142075-4018329,,J10142075-4018329,153.58666666666667,-40.30916666666666,64.27,9.39,M7,,,,,17.75,14.88,14.1,13.68,,,,,,,,,,2012.0,UNCON,
2MASS J08383219-3211406,,J08383219-3211406,129.63416666666666,-32.19472222222222,,,M7,,,19.73,,17.5,14.32,13.62,13.18,,,,,,,,,,2012.0,UNCON,
2MASS J02535980+3206373,,J02535980+3206373,43.49916666666667,32.11027777777778,56.5,7.98,M7,,18.94,,16.43,,13.62,12.93,12.55,,12.32,12.13,11.81,2628,1.9,65.0,,,,,
2MASS J08034806-1723073,,J08034806-1723073,120.95041666666667,-17.385277777777777,75.05,8.88,M7,,,,,17.98,15.16,14.5,13.94,,,,,,,,,,2012.0,UNCON,
ASR 15,,J03285694+3115503,52.23708333333333,31.26388888888889,300.0,20,M7,,,21.2,,,15.06,14.18,,13.46,,,,,,,,,2012.0,UNCON,
2MASS J17464746-0405522,,J17464746-0405522,266.6979166666667,-4.097777777777777,67.15,5.9,M7,,,,,18.83,14.87,14.19,13.78,,,,,,,,,,2012.0,UNCON,
2MASS J07431157-1257055,,J07431157-1257055,115.79833333333333,-12.951666666666666,1.22,13.05,M7,,,20.66,,18.66,15.83,14.99,14.52,,,,,,,,,,2012.0,UNCON,
2MASS J07445834-1611378,,J07445834-1611378,116.24291666666667,-16.19388888888889,74.27,4.69,M7,,,20.07,,17.9,15.15,14.42,13.81,,,,,,,,,,2012.0,UNCON,
2MASS J20391314-1126531,,J20391314-1126531,309.8045833333333,-11.448055555555555,,,M7,,,,,,13.79,,,,,,,2600,1.53,74.0,,,,,
2MASS J07482998-3918231,,J07482998-3918231,117.125,-39.30638888888888,,,M7,,,20.34,,18.33,15.55,14.91,14.25,,,,,,,,,,2012.0,UNCON,
2MASS J18003331-0745185,,J18003331-0745185,270.13875,-7.755277777777778,,,M7,,,,,19.43,15.46,14.6,14.15,,,,,,,,,,2012.0,UNCON,
2MASS J18052143-0733179,,J18052143-0733179,271.33916666666664,-7.555,,,M7,,,,,,15.22,14.51,14.02,,,,,,,,,,2012.0,UNCON,
2MASS J02155892-0929121 C,x,J02155892-0929121 C,33.995416666666664,-9.486666666666666,26.0,10,M7,,,,,,,,11.7,12.04,,,,,,42.0,90.0,,,,
2MASS J04380083+2558572,,J04380083+2558572,69.50333333333333,25.982499999999998,130.0,10,M7,,,20.21,,14.71,11.54,10.62,10.1,,,,,2840,,61.0,,,,,
MBO 68,,J03293053+3127280,52.37708333333333,31.45777777777778,300.0,20,M7,,,,17.36,,13.81,13.01,,12.6,,,,3200,,,,,2012.0,UNCON,
MBO 69,,J03292445+3128149,52.35208333333333,31.47083333333333,300.0,20,M7,,,,,,14.04,13.17,,12.69,,,,3200,,,,,2012.0,UNCON,
ASR 45,,J03285213+3115471,52.217083333333335,31.263055555555557,300.0,20,M7,,,,,,13.16,12.47,,12.03,,,,2850,,,,,2012.0,UNCON,
2MASS J14454228-5317233,,J14454228-5317233,221.42625,-53.28972222222222,66.11,3.34,M7,,,,,18.76,14.86,14.21,13.71,,,,,,,,,,2012.0,UNCON,
2MASS J18422444-1358138,,J18422444-1358138,280.6016666666667,-13.970555555555556,,,M7,,,,,18.35,14.42,13.77,13.34,,,,,,,,,,2012.0,UNCON,
MBO 66,,J03291443+3122362,52.31,31.37666666666667,300.0,20,M7,,,,18.1,,14.61,13.53,,13.04,,,,2900,,,,,2012.0,UNCON,
2MASS J18473965-1856577,,J18473965-1856577,281.91541666666666,-18.949444444444445,,,M7,,,,,,15.3,14.61,14.18,,,,,,,,,,2012.0,UNCON,
WISE J013636.31+373840.6,,,24.15125,37.64472222222222,134.8,22.6,M7,,,,,,18.23,17.46,,17.14,16.8,14.76,>12.72,,,,,,2015.0,,
SONYC-NGC1333-34,,J03290693+3129571,52.27875,31.499166666666667,300.0,20,M7,,,,20.84,,16.54,15.55,,14.77,,,,2950,,,,,2012.0,UNCON,
2MASS J07535987-5421555,,J07535987-5421555,118.49958333333333,-54.36555555555556,61.55,2.74,M7,,,19.91,,17.75,14.72,14,13.55,,,,,,,,,,2012.0,UNCON,
ASR 8,,J03290406+3117075,52.26708333333333,31.285555555555558,300.0,20,M7,,,17.6,,,13.31,12.78,,12.31,,,,,,,,,2012.0,UNCON,
MBO 89,,J03290320+3125451,52.263333333333335,31.429166666666667,300.0,20,M7,,,,,,15.8,14.62,,13.83,,,,3200,,,,,2012.0,UNCON,
MBO 80,,J03285842+3122567,52.24333333333333,31.3825,300.0,20,M7,,,,19.23,,15.4,14.24,,13.69,,,,2800,,,,,2012.0,UNCON,
ASR 17,,J03285715+3115345,52.23833333333334,31.259722222222223,300.0,20,M7,,,,,,15.41,14,,13.19,,,,,,,,,2012.0,UNCON,
MBO 91,,J03285694+3120487,52.23708333333333,31.346944444444443,300.0,20,M7,,,,19.42,,15.36,14.48,,13.82,,,,2875,,,,,2012.0,UNCON,
2MASS J11554035-6945326,,J11554035-6945326,178.91833333333332,-69.75916666666667,,,M7,,,,,,15.44,14.68,14.19,,,,,,,,,,2012.0,UNCON,
2MASS J04381486+2611399,,J04381486+2611399,69.56208333333333,26.194444444444446,140.0,,M7,,,20.33,,17.84,15.18,14.13,12.98,,,,,2840,,61.0,,,,,
2MASS J12191303-5021426,,J12191303-5021426,184.80416666666667,-50.36194444444445,39.32,1.01,M7,,,18.65,,16.76,13.72,13.07,12.59,,,,,,,,,,2012.0,UNCON,
CFHT-Tau 4,,J04394748+2601407,69.94791666666667,26.028055555555554,130.0,7,M7,21.56,,19.1,,15.78,12.17,11.01,10.33,,,,,2880,,67.0,,,,,
CFHT-Tau 6,,J04390396+2544264,69.76666666666667,25.740555555555556,140.0,16,M7,,,18.39,,15.64,12.65,11.84,11.37,,,,,2820,,58.0,,,,,
S Ori J053736.4-024157,,J05373648-0241567,84.40208333333334,-2.6991666666666667,360.0,65,M7,22.04,,20.12,,18.14,15.49,15,14.67,,14.37,14.01,,,,37.0,,,,UNCON,
2MASS J16134312-4201248,,J16134312-4201248,243.42958333333334,-42.02361111111111,,,M7,,,20.1,,18.27,15.17,14.42,13.92,,,,,,,,,,2012.0,UNCON,
2MASS J16244484-3816025,,J16244484-3816025,246.18666666666667,-38.2675,,,M7,,,20.91,,19.02,15.23,14.33,13.93,,,,,,,,,,2012.0,UNCON,
L Ori150,,J05350749+0949328,83.78125,9.825833333333334,400.0,,M7,,,21.29,,19,16.66,16.13,15.56,,,,,2900,2.44,50.0,,,,,
2MASS J16011296-4210018,,J16011296-4210018,240.30416666666667,-42.16722222222222,,,M7,,,20.7,,18.74,15.79,15.12,14.66,,,,,,,,,,2012.0,UNCON,
UScoCTIO 108 A,x,,241.47458333333333,-18.311944444444446,145.0,2,M7,,,,,15.65,15.07,14.42,,,,,,2600,,60.0,,,,,
S Ori 31,,J05382088-0246132,84.58708333333334,-2.770277777777778,360.0,65,M7,,,,,17.41,15.19,14.57,14.16,,13.97,13.61,,,,46.0,,,,UNCON,
USD161939,x,,244.91583333333332,-21.759722222222223,145.0,,M7,,,,,,,,,,,,,3000,,,,,,,
2MASS J16120601-3904091,,J16120601-3904091,243.025,-39.06916666666667,,,M7,,,20.54,,18.68,15.75,14.84,14.4,,,,,,,,,,2012.0,UNCON,
2MASS J11085176-7632502,,J11085176-7632502,167.21583333333334,-76.54722222222222,60.0,15,M7,,,,,18.23,14.29,13.53,12.96,,,,,,,,,,2004.0,UNCON,
2MASS J16113100-3755581,,J16113100-3755581,242.87916666666666,-37.93277777777777,,,M7,,,21.46,,19.62,15.9,15.16,14.67,,,,,,,,,,2012.0,UNCON,
2MASS J16105290-3935489,,J16105290-3935489,242.72041666666667,-39.596944444444446,96.57,7.64,M7,,,21.55,,19.74,15.65,14.9,14.48,,,,,,,,,,2012.0,UNCON,
2MASS J10565008-6122042,,J10565008-6122042,164.20875,-61.367777777777775,,,M7,,,,,,14.91,13.94,13.48,,,,,,,,,,2012.0,UNCON,
S Ori 38,,J05391525-0221507,84.81375,-2.3641666666666667,360.0,65,M7,22.04,,19.98,18.66,18.12,15.54,15.03,14.62,14.56,14.01,13.36,,,,37.0,,,,UNCON,
2MASS J05264316-1824315,,J05264316-1824315,81.68,-18.40888888888889,,,M7,,,,,,12.36,,,,,,,2800,2.52,83.0,,,,UNCON,
2MASS J15572739-4350214,,J15572739-4350214,239.36416666666668,-43.83916666666667,48.15,1.97,M7,,,19.95,,17.58,14.22,13.62,13.13,,,,,,,,,,2012.0,UNCON,
CRBR 2322.3-1143,,J16262381-2418290,246.59916666666666,-24.308055555555555,125.0,?,M7,,,,,,16.28,14.62,13.57,,,,,,,,,,2000.0,,
L Ori140,,J05341927+0948275,83.58041666666666,9.807777777777778,400.0,,M7,,,20.34,,18.21,15.98,15.22,14.75,,,,,2900,3.85,59.0,,,,,
S Ori J053847.2-025756,,J05384714-0257557,84.69625,-2.965555555555556,360.0,65,M7,21.15,,,,17.22,14.52,13.94,13.46,,13.13,12.55,10.83,,,69.0,,,,,
2MASS J11021682-4940422,,J11021682-4940422,165.57,-49.67833333333333,,,M7,,,20.27,,18.14,15.25,14.52,14.03,,,,,,,,,,2012.0,UNCON,
2MASS J16265335-2440023,,J16265335-2440023,246.7225,-24.66722222222222,125.0,?,M7,,,,,,15.47,13.5,12.27,,,,,3000,,,,,2011.0,UNCON,
2MASS J15422834-4255000,,J15422834-4255000,235.61791666666667,-42.916666666666664,57.5,3.63,M7,,,20.18,,18.11,14.63,13.89,13.38,,,,,,,,,,2012.0,UNCON,
2MASS J16193117-4126215,,J16193117-4126215,244.88,-41.43944444444444,87.18,5.64,M7,,,,,,15.45,14.65,14.16,,,,,,,,,,2012.0,UNCON,
WDS J11013-7733 A,x,J11011926-7732383,165.33041666666668,-77.54388888888889,168.0,10,M7,,,19.4,,,13.1,12.22,11.63,,,,,,,52.0,,,,,
2MASS J06164933-1411434,,J06164933-1411434,94.20541666666666,-14.195277777777777,74.39,4.59,M7,,,,,18.29,15.15,14.48,14.04,,,,,,,,,,2012.0,UNCON,
ISO-Oph 23,,J16261882-2426105,246.57833333333335,-24.43638888888889,125.0,?,M7,,,,,,14.84,13.2,12.14,,,,,,,,,,1999.0,,
2MASS J04442713+2512164,,J04442713+2512164,71.11291666666666,25.204444444444444,140.0,,M7,,,16.5,,,12.2,11.36,10.76,,,,,2840,,57.0,,,,,
2MASS J16180891-3214361,,J16180891-3214361,244.53708333333333,-32.24333333333333,,,M7,,,19.96,,17.81,14.92,14.22,13.68,,,,,,,,,,2012.0,UNCON,
2MASS J17275293-6227029,,J17275293-6227029,261.97041666666667,-62.450833333333335,55.0,5.45,M7.5,,,,,17.88,14.64,13.91,13.35,,,,,,,,,,2012.0,UNCON,
2MASS J16395699-3533355,,J16395699-3533355,249.9875,-35.559999999999995,70.84,14.06,M7.5,,,,,19.53,15.23,14.6,14.07,,,,,,,,,,2012.0,UNCON,
KPNO-Tau 5,,J04294568+2630468,67.44041666666666,26.513055555555557,139.0,15,M7.5,19.69,,19.1,,15.08,12.64,11.92,11.54,,,,,2890,,50.0,,,,,
LSR J2036+5059,,J20362186+5059503,309.09125,50.99722222222222,46.3,2.7,M7.5,,,,,,13.61,13.16,12.94,,,,,,,,,,2007.0,,
2MASS J08112196-1201268,,J08112196-1201268,122.84166666666667,-12.024166666666668,77.52,16.23,M7.5,,,,,,15.45,14.7,14.06,,,,,,,,,,2012.0,UNCON,
2MASS J14324269-5534247,,J14324269-5534247,218.17791666666668,-55.57361111111111,47.92,3.5,M7.5,,,,,18.24,14.33,13.69,13.12,,,,,,,,,,2012.0,UNCON,
2MASS J08115730-4319238,,J08115730-4319238,122.98875,-43.32333333333334,52.07,10.55,M7.5,,,,,17.57,14.58,13.86,13.43,,,,,,,,,,2012.0,UNCON,
Sp 46,,J03284407+3120528,52.18375,31.348055555555554,300.0,20,M7.5,,,,,,14.25,13.21,,12.63,,,,2940,,,,,2012.0,UNCON,
2MASS J07595440-2117123,,J07595440-2117123,119.97666666666667,-21.28666666666667,43.75,9.06,M7.5,,,,,,14.21,13.54,13.03,,,,,,,,,,2012.0,UNCON,
2MASS J19265883-0844206,,J19265883-0844206,291.745,-8.739166666666666,71.76,12.94,M7.5,,,20.27,,18.14,15.2,14.35,13.94,,,,,,,,,,2012.0,UNCON,
2MASS J18462994-1143368,,J18462994-1143368,281.6245833333333,-11.726944444444445,80.95,15.91,M7.5,,,,,18.47,15.51,14.84,14.41,,,,,,,,,,2012.0,UNCON,
MBO 94,,J03291018+3127159,52.2925,31.454444444444444,300.0,20,M7.5,,,,18.99,,15.55,14.69,,14.13,,,,3050,,,,,2012.0,UNCON,
2MASS J19130363-1307559,,J19130363-1307559,288.265,-13.132222222222223,76.12,12.6,M7.5,,,,,18.21,15.29,14.49,13.89,,,,,,,,,,2012.0,UNCON,
2MASS J17315078-1306332,,J17315078-1306332,262.96166666666664,-13.109166666666667,84.29,18.13,M7.5,,,20.66,,18.66,15.65,14.92,14.48,,,,,,,,,,2012.0,UNCON,
2MASS J07313276-2841575,,J07313276-2841575,112.88666666666667,-28.699444444444445,74.55,12.3,M7.5,,,,,18.12,15.25,14.59,14.09,,,,,,,,,,2012.0,UNCON,
2MASS J17140018-4844178,,J17140018-4844178,258.50083333333333,-48.73833333333334,61.24,4.93,M7.5,,,,,,14.8,14.12,13.59,,,,,,,,,,2012.0,UNCON,
LSPM 1735+2634 A,x,J17351296+2634475,263.8041666666667,26.58,14.99,0.31,M7.5,,,18.1,,14.2,11.76,11.1,10.16,10.69,,,,,,86.0,,,2009.0,UNCON,
SONYC-Lup3-29,,,242.50541666666666,-39.112500000000004,200.0,,M7.5,,,,,15.38,12.32,,,10.52,,,,2800,,58.0,,,2015.0,,
2MASS J07390794-4926533,,J07390794-4926533,114.78291666666667,-49.448055555555555,54.55,5.04,M7.5,,,20.15,,18.06,14.69,14.03,13.61,,,,,,,,,,2012.0,UNCON,
MBO 65,,J03293773+3122024,52.40708333333333,31.36722222222222,300.0,20,M7.5,,,,,,13.99,13.37,,12.96,,,,2870,,,,,2012.0,UNCON,
SONYC-NGC1333-38,,,52.39333333333333,31.256944444444443,300.0,20,M7.5,,,,21.09,,17.33,,,16.15,,,,2850,,,,,2012.0,UNCON,
2MASS J16445388-4021050,,J16445388-4021050,251.22458333333333,-40.35138888888889,67.8,13.51,M7.5,,,,,,15.13,14.16,13.71,,,,,,,,,,2012.0,UNCON,
V410 Xray-3 B,x,,63.75791666666667,28.313333333333333,140.0,,M7.5,,,,17.67,,,,,,,,,,,49.0,6.0,,,,
2MASS J16233986-2822415,,J16233986-2822415,245.91625,-28.378333333333334,88.56,17.29,M7.5,,,20.73,,18.67,15.7,14.94,14.49,,,,,,,,,,2012.0,UNCON,
2MASS J18300760-1842361,,J18300760-1842361,277.5316666666667,-18.71,,,M7.5,,,,,,10.43,9.38,,8.82,,,,,,,,,,,
2MASS J18403930-1459233,,J18403930-1459233,280.16375,-14.989722222222222,76.29,13.79,M7.5,,,,,18.27,15.34,14.65,14.12,,,,,,,,,,2012.0,UNCON,
ASR 80,,J03291776+3119481,52.32416666666666,31.33,300.0,20,M7.5,,,,19.09,,14.8,13.65,,12.99,,,,3000,,,,,2012.0,UNCON,
ASR 83,,J03291279+3120077,52.303333333333335,31.335555555555555,300.0,20,M7.5,,,,,,14.68,13.78,,13.29,,,,2880,,,,,2012.0,UNCON,
2MASS J16481339-3039086,,J16481339-3039086,252.05583333333334,-30.6525,43.49,8.98,M7.5,,,,,17.2,14.2,13.49,13.07,,,,,,,,,,2012.0,UNCON,
2MASS J07102532-0633215,,J07102532-0633215,107.60541666666667,-6.556111111111111,53.68,10.6,M7.5,,,20.07,,17.61,14.63,13.9,13.45,,,,,,,,,,2012.0,UNCON,
SONYC-NGC1333-41,,J03290462+3120289,52.26916666666666,31.341388888888886,300.0,20,M7.5,,,,,,17.65,15.46,,13.89,,,,3100,,,,,2012.0,UNCON,
2MASS J11530648-7454349,,J11530648-7454349,178.27708333333334,-74.90972222222223,73.63,13.62,M7.5,,,20.35,,18.23,15.27,14.63,14.04,,,,,,,,,,2012.0,UNCON,
2MASS J15594729+4403595 B,x,J15594729+4403595 B,239.94708333333332,44.06666666666666,27.0,2,M7.5,,,,16.8,,,,,,,,,,,43.0,150.0,,,,
2MASS J11301046-5759419,,J11301046-5759419,172.54375,-57.995,41.91,2.29,M7.5,,,,,,14.03,13.36,12.83,,,,,,,,,,2012.0,UNCON,
2MASS J08361270-2648443,,J08361270-2648443,129.05291666666668,-26.81222222222222,57.5,8.94,M7.5,,,20.06,,17.55,14.66,13.96,13.52,,,,,,,,,,2012.0,UNCON,
2MASS J06400355-1449104,,J06400355-1449104,100.015,-14.819444444444445,45.14,2.23,M7.5,,,19.51,,17.24,14.14,13.48,13.05,,,,,,,,,,2012.0,UNCON,
BKLT J162622-242354,,,246.5925,-24.398333333333333,125.0,?,M7.5,,,,,,15.75,13.59,12.25,,,,,,,,,,1999.0,,
S Ori 42,,J05392341-0240575,84.8475,-2.6827777777777775,360.0,65,M7.5,,,,20.03,19.05,16.73,15.92,15.55,,15.19,14.53,,,,26.0,,,,,
2MASS J10293728-4031259,,J10293728-4031259,157.40541666666667,-40.52388888888889,77.57,12.13,M7.5,,,,,18.29,15.31,14.53,14.06,,,,,,,,,,2012.0,UNCON,
CFHT-Tau 2,,J04361038+2259560,69.04333333333334,22.99888888888889,130.0,9,M7.5,22.52,,20.21,,16.81,13.75,12.76,12.17,,,,,2790,,42.0,,,,,
2MASS J12363238-6536355,,J12363238-6536355,189.135,-65.61,71.94,14.72,M7.5,,,20.08,,18.27,15.28,14.43,13.99,,,,,,,,,,2012.0,UNCON,
CFHT-Tau 5,,J04325026+2422115,68.20958333333333,24.37,130.0,2,M7.5,,,23.37,,18.79,13.96,12.22,11.28,,,,,2690,,46.0,,,,,
2MASS J13580761-5946451,,J13580761-5946451,209.53166666666667,-59.77916666666667,74.73,12.37,M7.5,,,20.24,,18.17,15.25,14.27,13.73,,,,,,,,,,2012.0,UNCON,
2MASS J12105463-5252444,,J12105463-5252444,182.7275,-52.87888888888889,74.28,12.77,M7.5,,,,,18.17,15.25,14.59,14.17,,,,,,,,,,2012.0,UNCON,
2MASS J06495677-2104472,,J06495677-2104472,102.48666666666666,-21.079722222222223,70.79,14.74,M7.5,,,,,18.26,15.26,14.47,13.93,,,,,,,,,,2012.0,UNCON,
UScoCTIO 109 B,x,,240.32958333333335,-23.110833333333336,145.0,2,M7.5,,,,,,,,,,,,,,,42.0,4.9,46.0,,,
2MASS J06512977-1446150,,J06512977-1446150,102.87416666666667,-14.770833333333334,37.1,3.6,M7.5,,,,,,13.81,13.08,12.66,,,,,,,,,,2012.0,UNCON,
DENIS-P J160603.9-205644,,J16060391-2056443,241.51625,-20.945555555555554,,,M7.5,,19.43,,17.18,,13.53,12.91,,12.48,,,,,,40.0,,,,UNCON,
2MASS J11162997-6403082,,J11162997-6403082,169.125,-64.05222222222221,85.87,17.31,M7.5,,,20.51,,18.63,15.65,14.95,14.48,,,,,,,,,,2012.0,UNCON,
2MASS J13201384-4842117,,J13201384-4842117,200.0575,-48.70333333333333,71.37,8.93,M7.5,,,,,18.37,15.24,14.46,14,,,,,,,,,,2012.0,UNCON,
2MASS J11070369-7724307,,J11070369-7724307,166.76541666666665,-77.40861111111111,162.5,,M7.5,,,,,,,,,,,,,2600,,,,,,,
2MASS J08584640-4345473,,J08584640-4345473,134.69333333333333,-43.76305555555555,70.97,11.97,M7.5,,,,,19.49,15.26,14.37,13.84,,,,,,,,,,2012.0,UNCON,
2MASS J08193434-4706133,,J08193434-4706133,124.89291666666666,-47.103611111111114,46.41,8.5,M7.5,,,19.57,,17.22,14.27,13.59,13.16,,,,,,,,,,2012.0,UNCON,
2MASS J06450029-2333259,,J06450029-2333259,101.25125,-23.557222222222222,85.56,14.27,M7.5,,,,,18.46,15.55,14.97,14.38,,,,,,,,,,2012.0,UNCON,
2MASS J08564175-2408017,,J08564175-2408017,134.17416666666668,-24.133888888888887,65.29,12.96,M7.5,,,,,18.03,15.05,14.44,13.86,,,,,,,,,,2012.0,UNCON,
CFHTWIR-Oph 47,,,246.71791666666667,-24.029722222222222,125.0,?,M7.5,,,,,,15.94,14.75,13.97,,,,,,,,,,2012.0,,
L Ori154,,J05341980+0954206,83.5825,9.905833333333334,400.0,,M8,,,21.79,,19.31,16.8,16.14,15.51,,,,,2700,2.81,33.0,,,,,
SONYC-NGC1333-43,,,52.34125,31.308055555555555,300.0,20,M8,,,,,,18.73,,,17.13,,,,2900,,,,,2012.0,UNCON,
2MASS J00413538-5621127 A,x,J00413538-5621127,10.3975,-56.353611111111114,15.0,1,M8,,,,,14.69,12.37,11.75,11.32,10.86,,,,2600,,30.0,,,1995.0,,
MBO 140,,J03293387+3120362,52.39125,31.343333333333334,300.0,20,M8,,,,20.38,,16.56,15.68,,15.48,,,,2550,,,,,2012.0,UNCON,
2MASS J09283348-5739459,,J09283348-5739459,142.13958333333332,-57.66277777777778,60.4,13.95,M8,,,20.04,,17.8,14.99,14.22,13.76,,,,,,,,,,2012.0,UNCON,
USco J155419.99-213543.1,,,238.58333333333334,-21.595277777777778,145.0,15,M8,,,,,,14.93,14.28,13.71,,,,,2710,,25.0,,,,,
SONYC-NGC1333-18,,,52.39875,31.352500000000003,300.0,20,M8,,,,22.63,,18.5,,,16.94,,,,2500,,15.0,,,2012.0,UNCON,
SONYC-NGC1333-16,,J03292815+3116285,52.3675,31.27472222222222,300.0,20,M8,,,,16.93,,13.05,12.5,,12.09,,,,2740,,,,,2012.0,UNCON,
PYC J11519+0731 B,x,,177.98666666666668,7.523888888888889,37.0,6,M8,,,,,,14.22,13.5,13.13,,,,,,,52.0,18.0,,,UNCON,
CFHT-Pl-17,,J03430016+2443525,55.75083333333333,24.731388888888887,136.2,1.2,M8,,,,,18.8,16,15.36,,15.03,,,,,,54.0,,,,UNCON,
2MASS J11104006-7630547,,J11104006-7630547,167.66708333333332,-76.51527777777778,60.0,15,M8,,,20.02,,18.22,14.57,13.85,13.34,,,,,2710,,32.0,,,2005.0,UNCON,
2MASS J07292810-4931489,,J07292810-4931489,112.36708333333333,-49.530277777777776,72.13,17.1,M8,,,,,18.45,15.39,14.81,14.26,,,,,,,,,,2012.0,UNCON,
PPl 15 B,x,,57.01958333333334,23.65833333333333,136.2,1.2,M8,,,,,,,,,,,,,,,63.0,0.03,0.0159,,,
2MASS J15511814-4628250,,J15511814-4628250,237.82541666666665,-46.47361111111111,70.51,18.04,M8,,,,,19.42,15.42,14.65,14.16,,,,,,,,,,2012.0,UNCON,
2MASS J09572731-4612287,,J09572731-4612287,149.36375,-46.20805555555556,66.87,16.77,M8,,,,,18.38,15.28,14.58,14.15,,,,,,,,,,2012.0,UNCON,
CL Melotte 22 1348 B,x,J03471806+2423267,56.82541666666667,24.390833333333333,136.2,1.2,M8,,,,,,16.04,15.3,14.88,,,,,,,62.0,150.0,,2011.0,,
2MASS J00192626+4614078,,J00192626+4614078,4.859583333333333,46.23555555555556,19.5,1.6,M8,20.0,,,,,12.6,11.94,11.5,11.5,,,,2600,,65.0,,,2003.0,,
WDS J11013-7733 B,x,J11011926-7732383,165.33083333333335,-77.5436111111111,168.0,10,M8,,,,,,,,,,,,,,,26.0,241.9,19500.0,,,
LP 349-25 A,x,J00275592+2219328,6.982916666666666,22.325833333333332,14.37,0.19,M8,17.56,,16,,12.4,11.15,10.61,,10.15,,,,2780,1.27,68.0,,,1995.0,,
LP 349-25 B,x,J00275592+2219328,6.982916666666666,22.325833333333332,14.37,0.19,M8,,,,,,11.51,10.93,,10.46,,,,2640,1.21,59.0,1.86,7.31,2010.0,,
2MASS J12585142-7228055,,J12585142-7228055,194.71416666666667,-72.46833333333333,67.6,15,M8,,,,,,15.2,14.54,14.1,,,,,,,,,,2012.0,UNCON,
LP 771-21,,,42.170833333333334,-16.85611111111111,16.23,1.42,M8,19.97,18.84,17.7,15.92,15.27,12.55,11.87,11.42,11.45,11.17,10.98,10.8,2365,1.08,78.0,,,,,
2MASS J11114533-7636505,,J11114533-7636505,167.93875,-76.61416666666666,162.5,,M8,,,,,,,,,,,,,2800,,,,,,,
2MASS J12262180-7638505,,J12262180-7638505,186.59083333333334,-76.64750000000001,51.45,5.48,M8,,,,,18.08,14.62,13.94,13.52,,,,,,,,,,2012.0,UNCON,
2MASS J09420802-3758418,,J09420802-3758418,145.53333333333333,-37.97833333333333,47.66,12.32,M8,,,20.42,,17.69,14.58,13.84,13.33,,,,,,,,,,2012.0,UNCON,
BD+13 1727 B,x,J07394386+1305070,114.93291666666667,13.085277777777778,36.0,3,M8,,,,,,13.91,13.29,,12.77,,,,,,,380.0,,2002.0,,
2MASS J01231125-6921379,,J01231125-6921379,20.797083333333333,-69.36055555555555,19.0,2,M8,,,,,,12.32,11.71,11.32,11.32,,,,2600,,65.0,,,2007.0,,
SONYC-NGC1333-45,,J03291303+3117383,52.30416666666667,31.29388888888889,300.0,20,M8,,,,,,15.23,14.71,,14.16,,,,2900,,,,,2012.0,UNCON,
2MASS J23231347-0244360,,J23231347-0244360,350.80625,-2.743333333333333,,,M8,,,,,,13.58,,,,,,,2600,1.85,17.0,,,,,
USco J160648.18-223040.1,,,241.70083333333332,-22.511111111111113,145.0,15,M8,,,,,,14.93,14.35,13.84,,,,,2710,,25.0,,,,,
SDSS J214956.55+060334 A,x,,327.48583333333335,6.059444444444444,29.0,3,M8,,,,,,,12.63,,,,,,,,,,,,,
2MASS J213922.24+112432.3,,J213922.24+112432.3,324.8425,11.408888888888889,,,M8,,,,,,17.54,16.81,16.39,,,,,,,,,,,,
2MASS J08220621-3204138,,J08220621-3204138,125.52583333333334,-32.07055555555556,79.75,17.65,M8,,,,,,15.55,14.83,14.25,,,,,,,,,,2012.0,UNCON,
2MASS J14263345-5229166,,J14263345-5229166,216.63958333333332,-52.488055555555555,41.9,7.3,M8,,,,,,14.27,13.55,13.15,,,,,,,,,,2012.0,UNCON,
2MASS J14262469-5541035,,J14262469-5541035,216.60291666666666,-55.68444444444444,59.89,14.72,M8,,,20.32,,18.1,15.02,14.25,13.85,,,,,,,,,,2012.0,UNCON,
2MASSW J1311391+803222 B,x,J13113921+8032219,197.91333333333333,80.53944444444444,13.7,,M8,,,,,,,,,,,,,,,,,,2003.0,UNCON,
DENIS-P J0805110-315811,,,121.29583333333333,-31.96972222222222,,,M8,,,,,,,,,,,,,,,,,,,,
LSR J1425+7102,,J14250510+7102097,216.27125,71.03611111111111,82.03,7.2,M8,,,,,,14.78,14.41,14.33,,,,,,,,,,2007.0,,
ASR 111,,J03284782+3116552,52.19916666666666,31.281944444444445,300.0,20,M8,,,,,,12.94,11.76,,10.91,,,,2710,,,,,2012.0,UNCON,
2MASS J08274661-1619256,,J08274661-1619256,126.94416666666666,-16.323888888888888,38.9,3.2,M8,,,,,,14.1,13.37,12.96,,,,,,,,,,2012.0,UNCON,
2MASS J08313733-2535189,,J08313733-2535189,127.90541666666667,-25.58861111111111,54.05,5.62,M8,,,,,,14.71,14,13.58,,,,,,,,,,2012.0,UNCON,
ASR 109,,J03285492+3115290,52.22875,31.258055555555554,300.0,20,M8,,,,21.04,,15.99,14.97,,14.22,,,,2725,,,,,2012.0,UNCON,
ASR 38,,J03285524+3117354,52.23,31.293055555555558,300.0,20,M8,,,,19.39,,15.09,14.21,,13.43,,,,2900,,,,,2012.0,UNCON,
L Ori156,,,83.65125,9.925555555555555,400.0,,M8,,,22.05,,19.59,,,,,,,,2950,2.04,32.0,,,,,
S Ori J053710.0-024302,,,84.29208333333334,-2.7169444444444446,360.0,65,M8,,,,,19.96,17.02,16.42,15.92,,15.6,15.37,12.02,,,19.0,,,,,
L Ori155,,J05362504+1001544,84.10458333333334,10.031666666666668,400.0,,M8,,,21.87,,19.36,16.59,,,,,,,2800,2.61,39.0,,,,,
Wolf 1055 B,x,J19165526+0510086,289.23041666666666,5.1688888888888895,5.87,0.03,M8,,,,,,,,,,,,,,,,400.0,,,,
DENIS-P J022128.5-683140,,J02212859-6831400,35.369166666666665,-68.52777777777777,39.37,5.58,M8,,,,,16.96,13.89,13.28,,12.81,,,,,,,,,,,
2MASS J08440896-3914303,,J08440896-3914303,131.0375,-39.24166666666667,65.82,54.26,M8,,,,,20.05,15.24,14.45,13.96,,,,,,,,,,2012.0,UNCON,
2MASS J08511280-4916072,,J08511280-4916072,132.80333333333334,-49.26861111111111,54.17,7.18,M8,,,20.93,,18.82,14.8,14.09,13.67,,,,,,,,,,2012.0,UNCON,
2MASS J10332358-5621142,,J10332358-5621142,158.34833333333333,-56.35388888888889,95.14,22.21,M8,,,21.19,,19.35,15.95,14.8,14.04,,,,,,,,,,2012.0,UNCON,
2MASS J12353485-5353473,,J12353485-5353473,188.89541666666668,-53.896388888888886,51.81,12.9,M8,,,20.11,,17.83,14.73,14.04,13.52,,,,,,,,,,2012.0,UNCON,
ASR 24,,J03291130+3117175,52.29708333333333,31.288333333333334,300.0,20,M8,,,,,,13.98,13.45,,12.92,,,,,,,,,2012.0,UNCON,
2MASS J16002514-3844387,,J16002514-3844387,240.10458333333332,-38.744166666666665,48.76,12.19,M8,,,20.14,,17.69,14.6,13.96,13.47,,,,,,,,,,2012.0,UNCON,
SONYC-Lup3-28,,,242.1375,-38.87305555555555,200.0,,M8,,,,,15.34,12.98,,,11.74,,,,2800,,58.0,,,2015.0,,
2MASS J16085953-3856275,,J16085953-3856275,242.24791666666667,-38.941111111111105,200.0,,M8,,,,,,,,,,,,,2100,,,,,,,
ASR 28,,J03291303+3117383,52.30416666666667,31.29388888888889,300.0,20,M8,,,,,,15.23,14.71,,14.16,,,,2710,,,,,2012.0,UNCON,
2MASS J08593060-6605084,,J08593060-6605084,134.8775,-66.08555555555554,72.37,16.47,M8,,,,,18.41,15.37,14.67,14.1,,,,,,,,,,2012.0,UNCON,
DENIS-P J1232178-685600,,,188.07416666666666,-68.93333333333334,,,M8,,,,,,,,,,,,,,,,,,,,
ASR 64,,,52.23791666666666,31.32,300.0,20,M8,,,,21.16,,17.24,15.97,,15.34,,,,2975,,,,,2012.0,UNCON,
2MASS J08561384-1342242,,J08561384-1342242,134.0575,-13.706666666666665,,,M8,,,,,,13.6,,,,,,,2300,1.86,14.0,,,,,
2MASS J06431685-1843375,,J06431685-1843375,100.82041666666667,-18.72722222222222,23.5,1.95,M8,,,18.72,,16.08,13.01,12.29,11.8,,,,,,,,,,2012.0,UNCON,
Teide 1,,,56.82458333333334,24.375555555555557,136.2,1.2,M8,,,,,19.26,16.22,15.59,,15.1,,,,2600,,55.0,,,1995.0,,
2MASS J07252641-1025122,,J07252641-1025122,111.36,-10.42,63.27,16.2,M8,,,,,,15.18,14.52,14.06,,,,,,,,,,2012.0,UNCON,
2MASS J04322329+2403013,,J04322329+2403013,68.09708333333333,24.05027777777778,140.0,,M8,,,17.9,,,12.34,11.69,11.33,,,,,,,,,,,,
DENIS-P J065248.5-574137 A,x,J06524851-5741376,103.20208333333333,-57.693888888888885,31.95,3.27,M8,,,,,16.57,14.22,13.57,,13.05,,,,,,40.0,,,2008.0,,
2MASS J04221332+1934392,x,J04221332+1934392,65.55541666666667,19.5775,142.5,,M8,,,,,,,,,,,,,2200,,,,,,,
2MASS J04311907+2335047,,J04311907+2335047,67.82958333333333,23.584722222222222,140.0,,M8,,,20.3,,17.5,13.51,12.72,12.2,,,,,,,,,,,,
2MASS J06525508-1614191,,J06525508-1614191,103.22958333333334,-16.238611111111112,48.52,5.21,M8,,,20.38,,18.15,14.5,13.78,13.1,,,,,,,,,,2012.0,UNCON,
CFHT-Tau 17 B,x,J04400174+2556292,70.00708333333333,25.941388888888888,142.0,3,M8,,,,,,13.22,11.64,,10.76,,,,,,63.0,82.0,2630.0,,,
LP 655-23 B,x,J04305157-0849007,67.715,-8.816944444444443,23.0,2,M8,,,18.8,,15.79,12.9,12.2,,11.78,,,,,,,450.0,,2003.0,,
ISO-Oph 32,,J16262189-2444397,246.59125,-24.744444444444447,125.0,?,M8,,,17.95,,15.62,12.34,11.48,10.86,,,,,,,40.0,,,2002.0,,
2MASS J07234556-1236532,,J07234556-1236532,110.94,-12.614722222222222,44.96,3.65,M8,,,20.01,,17.5,14.29,13.59,13.17,,,,,,,,,,2012.0,UNCON,
2MASS J04325119+1730092,,J04325119+1730092,68.21333333333334,17.5025,142.5,,M8,,,,,,,,,,,,,2400,,,,,,,
2MASS J04290068+2755033,,J04290068+2755033,67.25291666666666,27.9175,140.0,,M8,,,,,,14.02,13.33,12.85,,,,,,,,,,,,
CFHT-Tau 15,,J04274538+2357243,66.93916666666667,23.956666666666667,156.0,13,M8,,,,,17.94,14.93,14.24,13.69,,,,,2830,,28.0,,,,,
2MASS J04362788-4114465,,J04362788-4114465,69.11625,-41.24638888888889,43.5,11.4,M8,,,,,,13.1,12.43,12.05,,11.74,11.46,11.11,2445,1.97,39.0,,,,,
2MASS J04414825+2534304,,J04414825+2534304,70.45125,25.575277777777778,130.0,9,M8,,,,,17.03,13.73,12.8,12.22,,,,,2750,,40.0,,,,,
CFHT-Tau 14,,J04221644+2549118,65.56833333333333,25.82,140.0,,M8,,,,,,13.06,12.36,11.94,,,,,,,,,,,,
2MASS J03205965+1854233,,J03205965+1854233,50.24875,18.906388888888888,14.51,0.13,M8,,18.0,,15.3,,11.76,11.07,10.64,,10.35,10.15,9.87,2586,1.15,88.0,,,,UNCON,
SCH 162528.62-165850.6,,,246.36916666666667,-16.980833333333333,145.0,15,M8,,,,,,13.68,13.01,12.63,,,,,2710,,25.0,,,2006.0,,
2MASS J06573154-1940057,,J06573154-1940057,104.38125,-19.668333333333333,65.29,16.54,M8,,,,,18.33,15.24,14.5,14,,,,,,,,,,2012.0,UNCON,
BKLT J162632-242636,,J16263252-2426354,246.63583333333332,-24.44361111111111,125.0,?,M8,,,,,,16.36,14.44,13.17,,,,,,,,,,1999.0,,
KPNO-Tau 7,,J04305718+2556394,67.73833333333333,25.944166666666668,130.0,16,M8,22.07,,,,17.16,14.52,13.83,13.27,13.27,,,,2630,,28.0,,,,,
DENIS-P J162651.3-243242,,J16265128-2432419,246.71375,-24.545,125.0,?,M8,,,,,,15.06,14.35,13.89,,,,,,,,,,1997.0,,
2MASS J16272658-2425543,,J16272658-2425543,246.86083333333335,-24.43166666666667,125.0,?,M8,,,17.9,,15.72,13,12.35,11.84,,,,,,,,,,2005.0,,
CFHT-Pl-12 A,x,J03535511+2323363,58.47958333333333,23.393333333333334,136.2,1.2,M8,,,20.55,,17.75,15.22,14.55,14.05,,,,,,,57.0,,,,,
CFHTWIR-Oph 66,,,246.81,-24.525555555555556,125.0,?,M8,,,,,,18.42,16.53,15.3,,,,,2750,,,,,2012.0,,
CFHTWIR-Oph 34,,J16263991-2422334,246.66625,-24.375833333333333,125.0,?,M8,,,,22.17,,15.97,14.53,13.48,13.5,,,,,,,,,2010.0,,
CFHTWIR-Oph 78,,J16272622-2419229,246.85916666666665,-24.323055555555555,125.0,?,M8,,,,23.56,,16.35,14.24,12.93,,,,,2800,,,,,2011.0,UNCON,
2MASS J17150176-1225043,,J17150176-1225043,258.7575,-12.417777777777777,59.68,15.24,M8,,,20.26,,18.15,15.05,14.37,13.97,,,,,,,,,,2012.0,UNCON,
CFHTWIR-Oph 96,,J16274084-2429007,246.92,-24.483611111111113,125.0,?,M8,,,,18.96,,14.6,13.78,13.1,,,,,2750,,,,,2011.0,,
CFHTWIR-Oph 58,,J16270592-2418402,246.77458333333334,-24.311111111111114,125.0,?,M8,,,,,,17.05,15.77,14.85,14.85,,,,2700,,,,,2011.0,UNCON,
CFHT-Pl-18,,J03532311+2319203,58.34625,23.322222222222223,136.2,1.2,M8,,,,,18.34,16.04,15.28,,14.75,,,,,,60.0,,,,UNCON,
Calar 3,,,57.85666666666667,23.75583333333333,136.2,1.2,M8,,,21.42,,18.73,16.13,15.48,,15.01,,,,2600,,57.0,,,1996.0,,
ASR 63,,J03290339+3118399,52.26416666666667,31.311111111111114,300.0,20,M8.5,,,,20.06,,15.83,14.8,,14.01,,,,2725,,,,,2012.0,UNCON,
MBO 116,,J03290394+3123307,52.26625,31.391944444444444,300.0,20,M8.5,,,,,,17.14,16.06,,14.93,,,,2500,,15.0,,,2012.0,UNCON,
2MASS J16112049-4149381,,J16112049-4149381,242.83541666666667,-41.827222222222225,86.9,24.87,M8.5,,,21.13,,19.08,15.94,15.18,14.57,,,,,,,,,,2012.0,UNCON,
WISE J013012.66-104732.4,,,22.55291666666667,-10.792222222222222,85.0,7,M8.5,,,,,,,,,,,,,,,,,,2015.0,UNCON,
2MASS J07561708-0715512,,J07561708-0715512,119.07125,-7.264166666666667,43.55,5.4,M8.5,,,19.83,,17.39,14.48,13.81,13.25,,,,,,,,,,2012.0,UNCON,
LHS 1070 B,x,J00244419-2708242,6.184166666666667,-27.14,7.72,0.15,M8.5,15.42,,13.58,,11.4,9.25,8.55,,8.24,,,,,,81.0,8.58,44.4,,,
L Ori161,,,83.97541666666666,9.726666666666667,400.0,,M8.5,,,23.09,,20.34,,,,,,,,2950,1.66,25.0,,,,,
2MASS J04335245+2612548 A,x,J04335245+2612548,68.46875,26.21527777777778,140.0,,M8.5,,,,,,15.81,14.59,13.99,,,,,,,,,,,,
2MASS J13080663-4925505,,J13080663-4925505,197.0275,-49.43083333333333,27.5,2,M8.5,,,,,,13.52,12.86,12.41,,,,,,,,,,2012.0,UNCON,
2MASS J16464729-3539338,,J16464729-3539338,251.69708333333332,-35.659444444444446,77.08,22.88,M8.5,,,20.78,,18.95,15.77,15.04,14.51,,,,,,,,,,2012.0,UNCON,
2MASS J16473778-2404208,,J16473778-2404208,251.9075,-24.072499999999998,69.13,19.47,M8.5,,,,,18.61,15.47,14.63,14.13,,,,,,,,,,2012.0,UNCON,
2MASS J04215450+2652315,,J04215450+2652315,65.47708333333334,26.875555555555557,140.0,,M8.5,,,,,,15.54,14.5,,13.9,,,,,,,,,,,
2MASS J12244411-7141109,,J12244411-7141109,186.18375,-71.6863888888889,49.5,9.05,M8.5,,,,,18.41,14.76,13.63,13.02,,,,,,,,,,2012.0,UNCON,
2MASS J01400263+2701505,,J01400263+2701505,25.010833333333334,27.030833333333334,,,M8.5,,,,,,12.49,,,,,,,,,,,,,,
2MASS J04202441+2356134,,J04202441+2356134,65.10166666666667,23.936944444444446,36.2,1.63,M8.5,,,20.6,,18.4,14.6,13.85,,13.42,13.09,12.85,,2379,,79.0,,,2008.0,,
SONYC-NGC1333 -9,,,52.27291666666667,31.170555555555556,300.0,20,M8.5,,,,21.29,,17.07,,,15.67,,,,2600,,,,,2012.0,UNCON,
SONYC-NGC1333-44,,,52.2375,31.280277777777776,300.0,20,M8.5,,,,,,17.12,16.25,,15.59,,,,2800,,20.0,,,2012.0,UNCON,
2MASS J03550477-1032415,,J03550477-1032415,58.77,-10.545,,,M8.5,,,,,,13.08,,,,,,,2700,,,,,,,
SONYC-NGC1333-39,,J03285496+3118153,52.229166666666664,31.304166666666667,300.0,20,M8.5,,,,,,16.88,14.93,,13.16,,,,2900,,,,,2012.0,UNCON,
2MASS J12271545-0636458,,J12271545-0636458,186.81458333333333,-6.612777777777778,32.5,3.2,M8.5,,,,,,,,,,,,,,,12.0,,,,,
S Ori 45,,J05382557-0248370,84.60666666666667,-2.8102777777777774,360.0,65,M8.5,24.4,,22.07,20.57,19.59,16.67,16.02,15.59,,,,,,,24.0,,,,,
2MASS J15102049-4440022,,J15102049-4440022,227.58541666666667,-44.66722222222222,56.12,14.86,M8.5,,,,,18.08,14.96,14.26,13.85,,,,,,,,,,2012.0,UNCON,
2MASS J22353560-5906306,,J22353560-5906306,338.8983333333333,-59.10861111111111,,,M8.5,,,,,,14.28,,,,,,,2300,1.76,18.0,,,,,
DENIS J063001.4-184014 A,x,J06300140-1840143,97.50583333333333,-18.670555555555556,19.52,0.03,M8.5,,,,,15.88,12.68,11.93,11.46,11.46,,,,,,90.0,,,2008.0,UNCON,
TWA 27A,x,J12073346-3932539,181.88958333333332,-39.54833333333333,52.77,1.03,M8.5,19.95,,17.99,,15.92,13,12.39,11.96,11.96,,,,2652,2.4,25.0,,,2001.0,,
DENIS-P J235409.2-331627,x,J23540928-3316266,358.53875,-33.274166666666666,22.0,?,M8.5,20.7,,,,16,13.05,12.37,,11.88,,,,,,,2200.0,,,,
2MASS J14263161+1557012 A,x,J14263161+1557012,216.63166666666666,15.950277777777776,19.1,1.3,M8.5,,,,,16.5,13.36,12.63,12.2,12.07,,,,2400,1.37,87.0,,,2003.0,UNCON,
WISE J011639.05-165420.5,,,19.162916666666668,-16.90583333333333,85.0,7,M8.5,,,,,,,19.61,,,,,,,,,,,2015.0,UNCON,
KPNO-Tau 9,,J04355143+2249119,68.96416666666667,22.82,160.0,12,M8.5,24.92,,,,18.76,15.48,14.66,14.17,14.19,,,,2520,,25.0,,,,,
2MASS J09282665-3214022,,J09282665-3214022,142.11125,-32.23388888888889,60.48,11.2,M8.5,,,,,18.1,15.11,14.27,13.85,,,,,,,,,,2012.0,UNCON,
2MASS J04361030+2159364,,J04361030+2159364,69.04291666666667,21.993333333333336,140.0,,M8.5,,,,,,14.86,14.11,13.65,,,,,,,,,,,,
CFHT-Tau 16,,J04302365+2359129,67.59875,23.986944444444447,160.0,12,M8.5,,,,,17.91,14.96,14.24,13.7,13.7,,,,2760,,23.0,,,,,
DENIS-J055146.0-443412.2 A,x,J05514604-4434128,87.94208333333333,-44.57027777777778,100.0,20,M8.5,,,,,,15.79,15.2,14.87,,,,,,,73.0,,,,,
2MASS J14362641-4536268,,J14362641-4536268,219.11,-45.6075,56.44,16.53,M8.5,,,,,18.27,15.09,14.37,13.87,,,,,,,,,,2012.0,UNCON,
2MASS J20103539+0634367,x,J20103539+0634367,302.6475,6.576944444444444,15.3,,M8.5,,,,,,12.53,11.89,11.43,,11.11,10.83,,,,,2100.0,,2012.0,UNCON,
2MASS J15410782-6026051,,J15410782-6026051,235.2825,-60.43472222222222,64.56,19.13,M8.5,,,,,,15.38,14.72,14.28,,,,,,,,,,2012.0,UNCON,
2MASS J12342370-5104354,,J12342370-5104354,188.59875,-51.07638888888889,42.19,11.52,M8.5,,,,,17.51,14.38,13.81,13.27,,,,,,,,,,2012.0,UNCON,
2MASS J18353790+3259545,,J18353790+3259545,278.90791666666667,32.99861111111111,,,M8.5,,,,,,,,,,,,,,,,,,,,
2MASS J16574801-3450487,,J16574801-3450487,254.45,-34.846944444444446,64.76,19.01,M8.5,,,,,18.53,15.37,14.7,14.24,,,,,,,,,,2012.0,UNCON,
2MASS J04414489+2301513 A,x,J04414489+2301513,70.43708333333333,23.030833333333334,140.0,,M8.5,,,,,,14.42,13.94,13.4,,,,,,,20.0,,,,,
TWA 28,,J11020983-3430355,165.54083333333332,-34.51,55.25,1.53,M8.5,21.46,,19.14,,17.9,13.03,12.36,,11.89,,,,2600,3.0,,,,2005.0,,
2MASS J11465103-4754381,,J11465103-4754381,176.7125,-47.910555555555554,51.68,15.15,M8.5,,,20.22,,18.08,14.9,14.15,13.62,,,,,,,,,,2012.0,UNCON,
2MASS J07410404-0359495,,J07410404-0359495,115.26666666666667,-3.9972222222222222,40.89,11.15,M8.5,,,19.88,,17.45,14.31,13.68,13.21,,,,,,,,,,2012.0,UNCON,
2MASS J07293904-2608578,,J07293904-2608578,112.4125,-26.149444444444445,39.16,3.9,M8.5,,,20.02,,17.43,14.18,13.5,13.05,,,,,,,,,,2012.0,UNCON,
2MASS J11312945-6446032,,J11312945-6446032,172.87291666666667,-64.7675,40.57,4.07,M8.5,,,,,18.26,14.26,13.52,12.99,,,,,,,,,,2012.0,UNCON,
2MASS J17365608-0407258,,J17365608-0407258,264.23375,-4.123888888888889,67.6,19.59,M8.5,,,20.45,,18.63,15.46,14.88,14.36,,,,,,,,,,2012.0,UNCON,
CD-33 7795 B,x,J11315526-3436272,172.98083333333332,-34.60805555555556,44.0,4,M8.5,20.4,,,,15.8,,,,,,,,2800,2.02,27.0,127.0,1380.0,1999.0,,
2MASS J17373472-3446108,,J17373472-3446108,264.39458333333334,-34.76972222222222,41.49,12.16,M8.5,,,,,19.11,14.4,13.31,12.76,,,,,,,,,,2012.0,UNCON,
2MASS J20282203-5637024,,J20282203-5637024,307.09166666666664,-56.617222222222225,,,M8.5,,,,,,13.84,,,,,,,2300,1.83,36.0,,,,,
GJ 569 B,x,J14542923+1606039,223.62166666666667,16.101111111111113,9.65,0.16,M8.5,18.1,,,,,11.27,10.67,,10.16,,,,2530,0.98,78.0,50.0,,2000.0,,
2MASS J17531155-0131300,,J17531155-0131300,268.29833333333335,-1.525,79.93,22.04,M8.5,,,20.72,,18.76,15.74,15.05,14.46,,,,,,,,,,2012.0,UNCON,
2MASS J17114362-5045337,,J17114362-5045337,257.9316666666667,-50.75944444444445,63.99,18.57,M8.5,,,,,,15.34,14.82,14.26,,,,,,,,,,2012.0,UNCON,
Roque 7,,J03434028+2430113,55.91791666666666,24.503055555555555,136.2,1.2,M8.5,,,,,19.29,16.35,15.93,,15.34,,,,,,46.0,,,,UNCON,
2MASS J17054744-5441513,,J17054744-5441513,256.4475,-54.6975,27.2,5.7,M8.5,,,19.09,,16.38,13.64,12.75,12.35,,,,,,,,,,2008.0,UNCON,
2MASS J162429.36+125145.1,,J162429.36+125145.1,246.1225,12.862499999999999,,,M9,,,,,,16.68,15.88,15.39,,,,,,,,,,2006.0,,
2MASS J224835.13+130145.3,,J224835.13+130145.3,342.14625,13.029166666666667,,,M9,,,,,,17.14,16.38,15.92,,,,,,,,,,,,
2MASS J04334291+2526470,,J04334291+2526470,68.42875,25.44638888888889,140.0,,M9,,,,,,14.64,13.85,13.33,,,,,,,,,,,,
2MASS J215122797+3547206,,J215122797+3547206,327.8666666666667,35.78916666666667,,,M9,,,,,,,,,,,,,,,,,,,UNCON,
2MASS J16342205-2531152,,J16342205-2531152,248.59208333333333,-25.520833333333332,40.45,13.16,M9,,,19.63,,17.77,14.52,13.62,13.1,,,,,,,,,,2012.0,UNCON,
2MASS J11072647-7742408,,J11072647-7742408,166.86041666666668,-77.71138888888889,162.0,,M9,,,,,,17.53,16.45,,15.59,,,,2210,,,,,,UNCON,
USco1610-1913 b,x,J16103232-1913085,242.63458333333332,-19.219166666666666,145.0,14,M9,,,,,,14.09,13.43,12.92,,,,,2500,,45.0,840.0,,2013.0,,
GJ 569 C,x,J14542923+1606039,223.62166666666667,16.101111111111113,9.65,0.16,M9,,,,,,11.78,11.21,,10.64,,,,2300,0.95,69.0,0.923,2.367,2000.0,,
GJ 660.1 B,x,J17125127-0507311,258.21375,-5.125277777777777,19.96,1.44,M9,,,,,,13.05,12.57,,12.23,,,,,,,121.0,,2011.0,UNCON,
2MASS J14112131-2119503,,J14112131-2119503,212.83875,-21.330555555555556,15.7,1,M9,,,,,,12.44,11.83,11.33,11.33,,,,2600,,65.0,,,2003.0,,
DENIS-P J1411051-791536,,J14110473-7915357,212.76958333333334,-79.26,23.5,4.1,M9,,,,,16.11,13.23,12.54,,12.2,,,,,,,,,2011.0,,
GJ 3517,,J08533619-0329321,133.40083333333334,-3.4922222222222223,8.56,0.11,M9,18.8,,,,,11.21,10.47,9.94,9.91,,,,,,,,,1991.0,UNCON,
2MASS J15104786-2818174,,J15104786-2818174,227.69958333333332,-28.304722222222225,19.0,1.3,M9,,,,,,12.84,,11.69,,,,,2600,1.66,37.0,,,,UNCON,
WISE J122608.20+215010.8,,,186.53416666666666,21.836388888888887,123.3,21.1,M9,,,,,,16.92,16.33,,15.79,15.57,15.05,12.76,,,,,,2010.0,,
2MASS J12474428-3816464,,J12474428-3816464,191.93458333333334,-38.279444444444444,,,M9,,,,,,14.78,,,,,,,2100,2.15,17.0,,,,,
HD 114762 b,x,J13121982+1731016,198.08375,17.51722222222222,38.65,1.14,M9,,,,,,,,,,,,,,,15.0,0.36,0.23,1989.0,UNCON,
ULAS J1053+0452,,,163.33416666666668,4.872777777777778,,,M9,,,,,,14.78,,,,,,,,,,,,,,
2MASS J171452.24+243902.4,,J171452.24+243902.4,258.7175,24.650555555555552,,,M9,,,,,,16.67,15.86,15.35,,,,,,,,,,,,
2MASS J17395796-5321414,,J17395796-5321414,264.9916666666667,-53.36138888888889,50.84,16.73,M9,,,,,18.3,15.04,14.33,13.84,,,,,,,,,,2012.0,UNCON,
2MASS J06533530-2129406,,J06533530-2129406,103.39708333333333,-21.494722222222222,53.34,17.41,M9,,,,,,15.12,14.27,13.72,,,,,,,,,,2012.0,UNCON,
CFHTWIR-Oph 16,,,246.5775,-24.497500000000002,125.0,?,M9,,,,,,17.09,14.92,13.55,,,,,2600,,,,,2011.0,UNCON,
DENIS-P J0254058-193452,,J02540582-1934523,43.524166666666666,-19.58111111111111,21.1,3.7,M9,,,,,16.3,13.08,12.36,,11.91,,,,,,,,,2011.0,,
J0331-3042,,,52.87625,-30.41111111111111,9.6,0.6,M9,,,,,,11.36,,10.26,,,,,,,,,,,UNCON,
2MASS J02522628+0056223,,J02522628+0056223,43.10958333333333,0.9394444444444444,,,M9,,,,,,,,,,,,,,,,,,,UNCON,
2MASS J11592743-5247188,,J11592743-5247188,179.86416666666668,-52.78861111111111,9.6,1.9,M9,,,16.62,,14.49,11.43,10.76,10.32,,,,,,,,,,2004.0,UNCON,
DENIS-P J1703356?771520,,J17033555-7715210,255.89833333333334,-77.25583333333333,54.0,?,M9,,,,,18.25,15.21,14.4,14.02,15.16,,,,,,,,,,,
S Ori 53,,,84.60458333333334,-2.8008333333333333,360.0,65,M9,,,,,20.93,17.92,17.36,16.76,,16.33,,,,,15.0,,,,,
2MASSW J1239194+202952,,J12391934+2029519,189.83041666666668,20.497777777777777,,,M9,,,,,17.8,14.45,13.68,13.2,,,,,,,,,,,UNCON,
2MASS J00044144-2058298,,J00044144-2058298,1.1724999999999999,-20.974999999999998,15.5,1,M9,,,,,,12.4,,11.39,,,,,,,,,,,UNCON,
DENIS-P J024351.0-543219,,J02435103-5432194,40.9625,-54.53861111111111,34.4,,M9,,,,,17.05,14.04,13.32,12.78,,,,,,,,,,,,
2MASS J22025794-5605087,,J22025794-5605087,330.74125,-56.08583333333333,,,M9,,,,,,14.36,,,,,,,2600,1.79,20.0,,,,,
2MASS J15470557-1626303 A,x,J15470557-1626303 A,236.77333333333334,-16.441666666666666,,,M9,,,,,,13.86,,,,,,,2300,,,,,,,
WISE J222943.60+162516.5,,,337.4316666666667,16.42138888888889,129.4,22.2,M9,,,,,,17.02,16.46,,15.85,15.72,15.16,>12.69,,,,,,2015.0,,
KPNO-Tau 1,,J04151471+2800096,63.81125,28.002777777777776,140.0,,M9,,,,,,15.1,14.25,,13.77,,,,2600,,21.0,,,,,
2MASS J11064461-3715115,,J11064461-3715115,166.68583333333333,-37.25333333333333,,,M9,,,,,,14.49,,,,,,,2300,1.96,16.0,,,,,
CFHT-Tau 3,,J04363893+2258119,69.16208333333333,22.97,134.0,10,M9,,,20.33,,16.88,13.7,12.84,12.37,12.34,,,,2750,,37.0,,,,,
ULAS J143256.93+122809.2,x,,218.23708333333335,12.469166666666666,,,M9,,,,,,17.63,16.91,,16.36,12.61,12.44,12.33,,,,,,2015.0,,
2MASS J15531993+1400337,,J15531993+1400337,238.33291666666668,14.009444444444444,20.5,1.3,M9,,,18.57,,16.14,13.02,12.27,11.85,,,,,,,,,,2003.0,,
2MASS J23360735-3541489,,J23360735-3541489,354.0308333333333,-35.69694444444444,,,M9,,,,,,14.65,,,,,,,2300,,,,,,,
2MASS J05402325-0906326,,J05402325-0906326,85.09708333333333,-9.109166666666667,,,M9,,,,,,14.59,,,,,,,2600,1.74,19.0,,,,,
V2247 Oph c,x,J16271951-2441403,246.83125,-24.694444444444446,125.0,,M9,,,,,,,,,,,,,3490,,14.0,1083.0,,2011.0,,
WISE J201901.74-071405.3,,,304.75708333333336,-7.2347222222222225,110.4,18.8,M9,,,,,,16.77,16.24,,15.7,15.4,14.81,>12.54,,,,,,2015.0,,
2MASSI J0544115-243301,,I J0544115-243301,86.04791666666667,-24.550555555555555,16.4,1.1,M9,,,,,,12.53,,11.46,,,,,,,,,,,UNCON,
2MASS J00412179+3547133,,J00412179+3547133,10.340833333333334,35.786944444444444,88.0,?,M9,,,,,,15.94,15.73,15.17,,14.74,14.45,,,,,,,2004.0,,
2MASS J13265348-5022270,,J13265348-5022270,201.72291666666666,-50.37416666666667,45.1,7.77,M9,,,20.3,,17.97,14.72,13.98,13.4,,,,,,,,,,2012.0,UNCON,
DENIS-P J1519016-741613,,,229.75666666666666,-74.27027777777778,,,M9,,,,,,,,,,,,,,,,,,,,
2MASS J09474621-3810043,,J09474621-3810043,146.9425,-38.16777777777777,37.56,12.4,M9,,,,,,14.38,13.67,13.22,,,,,,,,,,2012.0,UNCON,
LHS 1070 C,x,J00244419-2708242,6.184166666666667,-27.14,7.72,0.15,M9,,,,,,,,,,,,,,,74.0,3.53,17.24,,,
2MASS J00194579+5213179,,J00194579+5213179,4.940833333333333,52.22166666666667,18.7,1.2,M9,,,,,,12.79,12.07,11.62,,,,,,,,,,2003.0,UNCON,
UGCS J034831.52+243437.2,,,57.13125,24.577222222222222,136.2,1.2,M9,,,,,20,16.72,15.98,,15.36,,,,2300,,50.0,,,1997.0,,
2MASS J12245222-1238352,,J12245222-1238352,186.2175,-12.643055555555556,17.1,1.1,M9,,,,,,12.56,11.83,11.37,,,,,,,,,,2003.0,,
2MASS J234437.44-085507.5,,J234437.44-085507.5,356.1558333333333,-8.918888888888889,,,M9,,,,,,16.96,16.24,15.79,,,,,,,,,,,,
SDSS 1723287+6406233,,J17232861+6406230,260.8691666666667,64.10638888888889,,,M9,,22.69,,19.89,19.1,16.32,15.66,15.12,,,,,,,,,,,,
S Ori 51,,,84.76333333333334,-2.5058333333333334,360.0,65,M9,,,,,20.22,17.06,16.42,16.13,,15.83,15.68,,,,22.0,,,,,
TVLM 868-110639,,,227.57041666666666,-2.6855555555555557,16.34,1.25,M9,,19.27,,16.38,,12.61,11.84,11.35,11.34,10.94,10.67,10.17,2377,1.08,79.0,,,,UNCON,
2MASS J00413538-5621127 B,x,J00413538-5621127,10.3975,-56.353611111111114,50.0,16,M9,,,,,,13.22,12.53,12.01,,,,,,,15.0,8.9,126.0,,,
2MASS J11345493+0022541,,J11345493+0022541,173.72875,0.38166666666666665,19.0,1.3,M9,,,,,,12.85,,11.67,,,,,,,,,,,UNCON,
CFHT-Tau 1,,J04341527+2250309,68.56375,22.841944444444444,140.0,,M9,,,,,,13.74,,,11.87,,,,,,,,,,,
2MASS J17343053-1151388,,J17343053-1151388,263.62708333333336,-11.860833333333334,21.3,1.4,M9,,,19.45,,17.05,13.11,12.37,11.88,,,,,,,,,,2010.0,UNCON,
Oph 11 A,x,J16222521-2405139,245.605,-24.08722222222222,125.0,25,M9,,,,,17.78,14.53,14.01,,13.55,,,,,,18.0,,,,,
ULAS J093744.66+071903.3,x,,144.43625,7.3175,,,M9,,24.76,,22.23,,17.88,17.19,,16.62,15.64,15.34,>12.78,,,,,,2015.0,,
WISE J155755.29+591425.3,,,239.48041666666666,59.24027777777778,34.0,2,M9,,,,,,14.32,13.61,13.12,,12.8,12.52,12.4,,,,,,2013.0,UNCON,
WISE J113839.14-183910.8,,,174.66291666666666,-18.653055555555554,91.3,15.4,M9,,,,,,16.29,15.67,,15.13,14.86,14.4,>12.48,,,,,,2015.0,,
DENIS-P J013035.5-444541 A,x,J01303563-4445411,22.648333333333333,-44.76138888888889,40.0,14,M9,,,,,17.18,14.12,13.48,12.99,12.99,,,,2400,,86.0,,,2011.0,,
2MASS J04354526+2737130,,J04354526+2737130,68.93875,27.62027777777778,140.0,,M9,,,,,,15.02,14.24,,13.71,,,,,,,,,,,
DENIS-P J2345390+005514,,J23453903+0055137,356.4125,0.9205555555555556,26.0,2,M9,,20.93,,18.04,16.9,13.77,13.12,12.58,12.58,,,,,,,,,2008.0,,
CFHT-Pl-25,,J03540532+2333597,58.522083333333335,23.566666666666666,136.2,1.2,M9,,,22.38,,19.57,16.69,15.78,,15.29,,,,,,42.0,,,,UNCON,
LP 647-13,,J01095117-0343264,17.463333333333335,-3.723888888888889,9.6,0.2,M9,19.5,,,,14.77,11.69,10.93,10.43,,,,,,,,,,1995.0,UNCON,
2MASS J15570870-3526375,,J15570870-3526375,239.28625,-35.443888888888885,49.27,16.49,M9,,,,,,15,14.24,13.8,,,,,,,,,,2012.0,UNCON,
2MASS J11100658-7642486,,J11100658-7642486,167.5275,-76.71361111111112,162.0,,M9,,,,,,16.34,15.86,,15.07,,,,2160,,,,,,UNCON,
WISEA J091657.18-112104.7,,,139.23833333333334,-11.351388888888888,,,M9,,,,,,,,,,,,,,,,,,2014.0,,
2MASS J09451445-7753150,,J09451445-7753150,146.31041666666667,-77.8875,,,M9,,,,,,13.89,,,,,,,2600,1.84,38.0,,,,,
2MASS J23473680+2702068,,J23473680+2702068,356.9033333333333,27.03527777777778,22.1,1.5,M9,,,,,,13.19,12.45,12,,,,,,,,,,2000.0,,
J125758.7-770120,,,194.49458333333334,-77.02222222222223,178.0,,M9,,,,,,,,,,,,,2500,,,,,,,
S Ori 50,,,84.795,-2.6208333333333336,360.0,65,M9,,,,,20.48,17.5,17.12,16.18,,,,,,,18.0,,,,,
2MASS J16272794+8105075,,J16272794+8105075,246.86625,81.08555555555554,20.7,1.4,M9,,,,,16.8,13.04,12.33,11.87,,,,,,,,,,2003.0,,
2MASS J08105865+1420390,,J08105865+1420390,122.74458333333334,14.344166666666668,17.8,1.2,M9,19.6,,,,,12.71,12.05,11.61,,,,,,,,,,2003.0,,
ULAS J025244.10+010617.9,x,,43.18375,1.105,,,M9,,,,,,18.15,17.54,,17.07,16.47,16.71,>12.89,,,,,,2015.0,,
2MASS J04574903+3015195,,J04574903+3015195,74.45416666666667,30.255555555555556,142.5,,M9,,,,,,15.77,15.12,,14.48,,,,2200,,,,,,,
DENIS 161103.60-242642.9,,,242.765,-24.44527777777778,145.0,15,M9,,,,,,14.86,14.14,13.7,,,,,2400,,18.0,,,2004.0,,
2MASS J10503781-4517010,,J10503781-4517010,162.6575,-45.28361111111111,32.4,2.05,M9,,,,,,14.02,13.34,12.88,,,,,,,,,,2012.0,UNCON,
WISE J085519.22+060057.6,,,133.83,6.016111111111111,84.9,14.3,M9,,,,,,16.34,15.68,,15.19,14.77,14.24,>11.87,,,,,,2015.0,,
USco J161047.13-223949.4,,,242.69625,-22.66361111111111,145.0,15,M9,,,,,,15.26,14.57,14.01,,,,,2400,,18.0,,,,,
2MASS J04263055+2443558,,J04263055+2443558,66.6275,24.73222222222222,140.0,,M9,,,,,,14.67,13.94,13.4,,,,,,,,,,,,
2MASS J10554733+0808427,,J10554733+0808427,163.94708333333332,8.145277777777777,16.6,1.1,M9,,,,,,12.55,,11.37,,,,,,,,,,,UNCON,
KPNO-Tau 12,,J04190126+2802487,64.75541666666666,28.046944444444446,140.0,,M9,23.23,,,,,16.3,15.48,,14.93,,,,,,,,,,,
2MASS J12463355-5314188,,J12463355-5314188,191.64,-53.23861111111111,53.6,10.82,M9,,,,,18.09,15.01,14.29,13.85,,,,,,,,,,2012.0,UNCON,
DENIS-P J0427270-112713,,J04272708-1127143,66.86291666666666,-11.453888888888889,27.1,4.7,M9,,,,,16.67,13.74,13.08,,12.67,,,,,,,,,2011.0,,
2MASS J16403197+1231068,,,250.13333333333333,12.518611111111111,,,M9,,,,,,15.95,15.61 >,15.52,,15.03,14.85,,,,,,,,,
LP 944-20,,J03393521-3525440,54.89666666666667,-35.428888888888885,4.97,0.1,M9,,,,,13.29,10.73,10.02,,9.55,,,,2200,0.85,60.0,,,1998.0,,
2MASS J16073123-0442091,,J16073123-0442091,241.88,-4.702500000000001,15.7,0.4,M9,,,,,,11.9,,10.72,,,,,,,,,,,UNCON,
MBO 139,,,52.19875,31.36527777777778,300.0,20,M9,,,,23.54,,17.55,,,15.24,,,,2700,,20.0,,,2012.0,,
SDSS J150108.17+225001.8,,J15010818+2250020,225.28416666666666,22.833888888888886,10.59,0.07,M9,15.09,,,,,11.87,11.18,,10.71,,,,,,,,,2002.0,UNCON,
DENIS-P J0407089-234829,,J04070892-2348301,61.787083333333335,-23.808333333333334,26.2,5.4,M9,,,,,16.8,13.75,13.08,,12.63,,,,,,,,,2011.0,,
2MASS J164038.70+521550.5,,J164038.70+521550.5,250.16125,52.26416666666667,,,M9,,,,,,17.97,17.19,16.72,,,,,,,,,,,,
2MASS J07453725-2624350,,J07453725-2624350,116.40541666666667,-26.40972222222222,62.21,19.2,M9,,,,,18.57,15.36,14.69,13.98,,,,,,,,,,2012.0,UNCON,
SSSPM J1444-2019,,J14442067-2019222,221.08625,-20.322777777777777,16.22,0.56,M9,,,,,,12.55,12.14,11.93,,11.47,11.21,,,,,,,2007.0,,
DENIS-P J1115297-242934,,J11152970-2429346,168.87375,-24.493055555555557,25.8,4.4,M9,,,,,16.5,13.59,12.95,,12.54,,,,,,,,,2011.0,,
WISE J072003.20-084651.2,,,110.01333333333334,-8.780833333333334,7.04,1.88,M9,,,,,13.81,10.63,9.92,9.47,,9.17,8.86,8.28,,,,,,2014.0,,
2MASS J16470847+5120088,,J16470847+5120088,251.78541666666666,51.33583333333333,,,M9,,,,,,17.1,16.36,15.91,,,,,,,,,,,,
2MASS J07075327-4900503,,J07075327-4900503,106.97208333333333,-49.013888888888886,18.48,1.54,M9,21.09,,18.74,,16.19,13.23,12.54,12.11,,11.83,11.56,11.34,2151,1.03,72.0,,,,,
SONYC-RhoOph-1,,,246.73458333333335,-24.710555555555555,125.0,?,M9,,,,,,17.46,16.44,15.73,,,,,2500,,18.0,,,2011.0,,
2MASS J18014267-0212566,,J18014267-0212566,270.42791666666665,-2.2158333333333333,73.91,23.74,M9,,,20.83,,19.01,15.78,15.14,14.63,,,,,,,,,,2012.0,UNCON,
MBO 141,,,52.28,31.389722222222222,300.0,20,M9,,,,22.99,,17.87,,,15.62,,,,2600,,,,,2012.0,UNCON,
2MASS J16592987+2055298,,J16592987+2055298,254.87458333333333,20.925,,,M9,,,,,,17.75,17.06,16.58,,,,,,,,,,,,
2MASS J20004841-7523070,,J20004841-7523070,300.20166666666665,-75.38527777777779,32.3,1,M9,21.16,,18.38,,16.12,12.73,11.97,11.51,,11.11,10.8,10.55,2375,1.88,25.0,,,,UNCON,
2MASS J07522427-3925410,,J07522427-3925410,118.10125,-39.42805555555555,43.03,7.19,M9,,,,,18.18,14.58,13.86,13.39,,,,,,,,,,2012.0,UNCON,
2MASS J11505548-5032451,,J11505548-5032451,177.73125,-50.545833333333334,57.64,12.62,M9,,,,,18.13,15.21,14.59,14.06,,,,,,,,,,2012.0,UNCON,
SONYC-NGC1333-31,,J03294415+3119478,52.43416666666667,31.33,300.0,20,M9,,,,,,17.39,16.59,,15.29,,,,2300,,10.0,,,2012.0,UNCON,P
2MASS J16154245+0546400,,J16154245+0546400,243.92708333333334,5.777777777777778,19.2,1.3,M9,,,,,,12.88,,11.74,,,,,,,,,,,UNCON,
FU Tau B,x,J04233573+2502596,65.8975,25.050833333333333,140.0,,M9,,22.25,22.16,20.19,18.8,15.04,13.91,,13.33,,,,2375,3.59,16.0,800.0,,,,
DENIS-P J033411.3-495333,,J03341218-4953322,53.55083333333334,-49.89222222222222,8.29,0.25,M9,,,,,,11.38,10.82,,10.39,,,,,,,,,,,
2MASS J17562963-4518224,,J17562963-4518224,269.12333333333333,-45.30611111111111,14.8,3,M9,,,17.98,,15.31,12.39,11.73,11.26,,,,,,,,,,2008.0,UNCON,
2MASS J04493288+1607226,,J04493288+1607226,72.38708333333334,16.123055555555556,,,M9,,,,,,14.27,,,,,,,2300,1.85,18.0,,,,,
SDSS J170718.32+643933.2,,J17071830+6439331,256.82625,64.65916666666668,16.0,1,M9,,19.35,18.8,16.55,14.8,12.54,11.79,11.38,,,,,,,,,,1995.0,UNCON,
TWA 26,,J11395113-3159214,174.96291666666667,-31.989444444444445,28.49,3.49,M9,,,18.1,,15.83,12.69,12,,11.5,,,,,,,,,,,
S Ori J053725.9-023432,,J0537259-023432,84.35791666666667,-2.5755555555555554,352.0,,M9,,,,,21.32,18.22,17,,,16.81,,,,,13.0,,,,UNCON,
USco J160847.44-223547.9,,,242.1975,-22.596666666666664,145.0,15,M9,,,,,,15.69,15.09,14.53,,,,,2400,,18.0,,,,,
2MASS J14573965+4517167,,J14573965+4517167,224.41541666666666,45.28805555555555,21.7,1.4,M9,,,,,16.7,13.15,12.41,11.92,,,,,,,,,,2003.0,,
2MASS J211115.59-054343.7,,J211115.59-054343.7,317.815,-5.728888888888889,,,M9,,,,,,16.46,15.67,15.17,,,,,,,,,,,,
2MASS J00425923+1142104,,J00425923+1142104,10.746666666666666,11.702777777777778,,,M9,,,,,,14.75,,,,,,,2300,,,,,,,
KPNO-Tau 6,,J04300724+2608207,67.53,26.139166666666664,132.0,10,M9,22.29,,20.56,,17.9,14.99,14.2,13.69,13.69,,,,2550,,22.0,,,,,
DH Tau B,x,J04294155+2632582,67.42375,26.549166666666668,,,M9,,,,,,15.71,14.96,,14.19,,,,2750,,12.0,330.0,,2005.0,,
2MASS J211153.35-064417.2,,J211153.35-064417.2,317.9725,-6.7380555555555555,,,M9,,,,,,17.38,16.6,16.06,,,,,,,,,,,,
CFHT-Tau 18 B,x,J04292165+2701259,67.34041666666667,27.023888888888887,142.0,3,M9,,,,,,,,,,,,,,,63.0,31.0,610.0,,,
USco J160830.49-233511.0,,,242.12708333333333,-23.586388888888887,145.0,15,M9,,,,,,14.88,14.29,13.76,,,,,2400,,18.0,,,,,
DENIS-P J0644143-284141,,,101.05958333333334,-28.69472222222222,,,M9.5,,,,,,,,,,,,,,,,,,,,
ULAS J014811.69+140028.4,,,27.04875,14.007777777777777,,,M9.5,,22.14,,21.33,,17.97,17.16,,16.55,16.03,15.78,>12.89,,,,,,2013.0,,
2MASS J08572787-0332396,,J08572787-0332396,134.36625,-3.5444444444444443,36.0,2,M9.5,,,,,,14.37,,13.04,,,,,,,,,,2003.0,,
Roque 33,,,57.204166666666666,24.340277777777775,136.2,1.2,M9.5,,,,,,,,,16.06,,,,,,41.0,,,,,
SONYC-NGC1333-30,,J03283107+3117040,52.129583333333336,31.284444444444446,300.0,20,M9.5,,,,23.65,,16.82,15.35,,14.08,,,,2700,,20.0,,,2012.0,,
ULAS J115826.62+044746.8,,,179.61083333333335,4.796388888888889,116.0,12,M9.5,,23.35,,19.43,,16.54,16.08,15.73,,15.66,15.41,,,,,,,2012.0,,
2MASS J17331893+4633593,,J17331893+4633593,263.32875,46.56638888888889,21.0,1.3,M9.5,,,,,,13.21,12.41,11.86,,,,,,,,,,2003.0,,
WISE J064722.28+394446.3,,,101.84291666666667,39.74611111111111,97.2,16.5,M9.5,,,,,,16.83,16.2,,15.61,15.3,14.65,>12.23,,,,,,2015.0,,
CFHT-Pl-16,,,56.14666666666667,25.22861111111111,136.2,1.2,M9.5,,,,,18.66,15.66,14.99,,14.45,,,,,,65.0,,,,UNCON,
DENIS-P J1633131?755322,,J16331306-7553232,248.30458333333334,-75.88972222222223,19.5,3.3,M9.5,,,,,16.12,13.15,12.51,,12.13,,,,,,,,,2010.0,,
2MASS J21544859-7459134,,J21544859-7459134,328.7025,-74.98694444444445,,,M9.5,,,,,,14.29,,,,,,,2300,1.8,20.0,,,,,
GSC 08047-00232 B,x,J01521461-5219332,28.060833333333335,-52.325833333333335,,,M9.5,,,,,,,,,,,,,,,20.0,200.0,,2005.0,,
2MASS J01490895+2956131,,J01490895+2956131,27.2875,29.936944444444446,22.5,0.4,M9.5,,,,,,13.44,12.59,12.01,,,,,,,,,,2003.0,,
DENIS-P J100428.3-114648 A,x,J10042824-1146489,151.1175,-11.780277777777778,46.8,,M9.5,,,,,18.02,14.94,14.14,13.61,14.85,,,,,,84.0,,,2003.0,UNCON,
2MASS J01092170+2949255,,J01092170+2949255,17.340416666666666,29.823888888888888,18.0,1,M9.5,,,,,,12.91,12.16,11.68,,,,,,,,,,2003.0,,
2MASS J08121560-4719227,,J08121560-4719227,123.065,-47.323055555555555,58.65,21.11,M9.5,,,,,18.81,15.5,14.77,14.17,,,,,,,,,,2012.0,,
LP 415-20 B,x,,65.45416666666667,19.48611111111111,21.0,5,M9.5,,,,,,13.93,13.1,,12.63,,,,2000,1.0,83.0,2.27,14.4,2003.0,UNCON,
DENIS-P J0000286?124514,,J00002867-1245153,0.11958333333333333,-12.754166666666666,19.2,3.6,M9.5,,,18.73,,16.16,13.2,12.45,,11.97,,,,,,,,,2010.0,,
2MASS J22341394+2359559,,J22341394+2359559,338.55791666666664,23.99888888888889,20.7,1.3,M9.5,,,,,16.5,13.18,12.35,11.84,,,,,,,,,,2003.0,,
DENIS-P J222958.15-065043.2,,J22295812-0650433,337.4925,-6.845277777777778,38.0,,M9.5,,,,,18,14.61,13.87,13.44,13.2,,,,,,,,,,,
DENIS-P J1622326?120719,,J16223264-1207192,245.63583333333332,-12.121944444444445,22.0,3.8,M9.5,,,,,16.56,13.55,12.86,,12.41,,,,,,,,,2010.0,,
CFHTWIR-Oph 77,,,246.85666666666665,-24.62472222222222,125.0,?,M9.5,,,,,,18.23,16.54,15.36,,,,,2260,,,,,2012.0,,
DENIS-P J203608.64-130638.3,,J20360861-1306382,309.03583333333336,-13.110555555555555,41.7,,M9.5,,,20.61,,18.1,14.94,14.09,,13.58,,,,,,,,,,,
WISE J074015.81+590250.2,,,115.06583333333333,59.04722222222222,108.8,18.6,M9.5,,,,,,16.76,16.13,,15.56,15.31,14.9,>12.78,,,,,,2015.0,,
DENIS-P J0608528?275358,,J06085283-2753583,92.22,-27.899444444444445,31.25,3.52,M9.5,,,,,17.01,13.6,12.9,12.37,12.21,,,,2529,,18.0,,,2003.0,,
2MASS J04220512+1358474,,J04220512+1358474,65.52125,13.979722222222222,50.9,3.49,M9.5,,,,,,15.46,14.81,,14.25,13.93,13.64,,2421,,89.0,,,2008.0,UNCON,
2MASS J04421852+1754378,,J04421852+1754378,70.57708333333333,17.910555555555554,54.4,4.46,M9.5,,,,,,15.6,14.97,,14.23,13.82,13.6,,2421,,89.0,,,2008.0,UNCON,
SSSPM J1013-1356,,J10130734-1356204,153.28083333333333,-13.93888888888889,49.31,4.77,M9.5,,,,,,14.62,14.38,14.4,,13.8,13.6,,,,,,,2009.0,,
OTS 44,,J11100934-7632178,167.53875,-76.53833333333333,,,M9.5,,,,,,16.42,15.44,,14.67,,,,1700,,12.0,,,1999.0,,
2MASS J11240434+3808108 B,x,J11240434+3808108 B,171.01791666666668,38.13638888888889,20.3,1.3,M9.5,,,,17.18,,,,,,,,,,,81.0,170.0,,,UNCON,
2MASS J02594789-0913109 B,x,J02594789-0913109 B,44.94958333333334,-9.219722222222222,36.0,13,M9.5,,,,,,,,12.92,,,,,,,87.0,22.0,,,UNCON,
SONYC-NGC1333-40,,J03290279+3122172,52.26166666666666,31.37138888888889,300.0,20,M9.5,,,,,,16.96,14.88,,13.42,,,,2700,,,,,2012.0,UNCON,
2MASS J07490653-3252461,,J07490653-3252461,117.27708333333334,-32.879444444444445,44.23,9.83,M9.5,,,,,19.42,14.93,14.15,13.67,,,,,,,,,,2012.0,,
KPNO-Tau 4,,J04272799+2612052,66.86666666666666,26.20138888888889,132.0,17,M9.5,24.72,,20.54,,18.75,15,14.03,13.28,,,,,2330,,13.0,,,,,
LP 475-855 B,x,J04290287+1337586,67.26208333333334,13.633055555555556,29.0,5,M9.5,20.8,,,,14.81,12.65,11.94,,11.62,,,,,,84.0,8.5,85.0,,UNCON,
UScoCTIO 108 B,x,,241.47458333333333,-18.311944444444446,145.0,2,M9.5,,,,,,,,,,,,,,,14.0,670.0,92700.0,2007.0,,
WISEA J023421.83+601227.3,,,38.590833333333336,60.2075,,,M9.5,,,,,,,,,,,,,,,,,,2014.0,,
DENIS-P J002105.8-424442,x,J00210589-4244433,5.274583333333333,-42.74527777777778,23.0,2,M9.5,,,,,16.79,13.52,12.81,,12.3,,,,,,84.0,1800.0,170000.0,,UNCON,
2MASS J22373255+3922398,,J22373255+3922398,339.3858333333333,39.37777777777778,19.54,0.62,M9.5,,,,,,13.34,12.69,12.18,,11.71,11.43,11.01,2173,1.04,73.0,,,,,
2MASS J00242463-0158201,,J00242463-0158201,6.1025,-1.9722222222222223,11.5,0.5,M9.5,,,,,,11.86,11.12,10.58,,,,,,,,,,2007.0,,
2MASS J14153485-5212557,,J14153485-5212557,213.89541666666668,-52.21555555555556,41.3,2.5,M9.5,,,20.56,,18.35,14.68,13.96,13.43,,,,,,,,,,2012.0,,
DENIS-P J1956460?774717,,J19564606-7747177,299.19208333333336,-77.78833333333333,32.1,6.1,M9.5,,,,,17.46,14.36,13.64,13.23,13.04,,,,,,,,,2010.0,,
Oph 11 B,x,J16222521-2405139,245.605,-24.087777777777777,125.0,25,M9.5,,,19.4,,18.98,15.24,14.64,,14.03,,,,,,14.0,243.0,2000.0,2007.0,,
SONYC-NGC1333 -4,,,52.235,31.267777777777777,300.0,20,M9.5,,,,23.0,,18.17,17.57,,16.73,,,,2500,,15.0,,,2012.0,UNCON,
2MASS J16125907-3800071,,J16125907-3800071,243.24625,-38.00194444444445,57.24,20.84,M9.5,,,20.95,,18.77,15.45,14.72,14.32,,,,,,,,,,2012.0,,
2MASS J13154386-5908428,,J13154386-5908428,198.93291666666667,-59.14527777777778,49.53,16.9,M9.5,,,,,19,15.04,14.49,13.91,,,,,,,,,,2012.0,,
2MASS J12535039-4211215,,J12535039-4211215,193.46,-42.18944444444444,81.0,7.4,M9.5,,,,,,16,,,,,,,,1.71,13.0,,,,,
G 216-7 B,x,J22373255+3922398,339.3858333333333,39.37777777777778,19.54,0.62,M9.5,,,19.2,,16.1,13.34,12.69,12.18,12.18,,,,,,73.0,630.0,,2001.0,,
SDSS J143808.31+640836.3,,J14380829+6408363,219.53458333333333,64.14333333333335,18.4,1.1,M9.5,,19.54,18.8,17.19,15.8,12.99,12.16,11.65,,,,,,,,,,2007.0,,
DENIS-P J2126340?314322,,J21263403-3143224,321.64166666666665,-31.722777777777775,20.4,4,M9.5,,,,,16.26,13.47,12.79,12.36,12.29,,,,,,,,,2010.0,,
DENIS-P J0443376+000205,,J04433761+0002051,70.90666666666667,0.034722222222222224,15.3,1,M9.5,19.6,19.74,,16.93,15.88,12.51,11.8,11.22,11.22,,,,2600,,65.0,,,2002.0,,
CFHTWIR-Oph 98,,,246.93416666666667,-23.981111111111108,125.0,?,M9.5,,,,,,17.08,15.78,14.98,,,,,2260,,,,,2012.0,,
DENIS-P J1935560?284634,,J19355595-2846343,293.98333333333335,-28.77611111111111,29.0,?,M9.5,,,,,17.21,13.95,13.18,,12.71,,,,,,,,,2010.0,,
PC 0025+0447,,J00274197+0503417,6.925,5.0616666666666665,72.46,8.4,M9.5,24.0,,,,19.6,16.08,15.35,14.96,14.91,,,,,,,,,1999.0,,
2MASS J00381489-6403529,,J00381489-6403529,9.562083333333334,-64.06472222222222,,,M9.5,,,,,,14.52,,,,,,,1700,1.7,15.0,,,,,
